address_code,ban_no,buss_name,buss_addr_comb,register_funds,org_code,res_name,set_app_date,close_app_date,date
三峽區,60030783,豪鴨粵式燒臘,新北市三峽區三樹路76號,100000,06獨資,陳萬淵,1140331,,11403
三峽區,60030854,漢翔實業社,新北市三峽區中園街225之8號,200000,06獨資,烏慶元,1140331,,11403
三峽區,60027274,昊鼎商行,新北市三峽區中園街１８７之７號,100000,06獨資,吳政諺,1140319,,11403
三峽區,60025472,宗佑水電工程行,新北市三峽區中山路106巷18之5號,220000,06獨資,陳宗佑,1140312,,11403
三峽區,60030192,食酒天小吃店,新北市三峽區中正路1段312號,50000,06獨資,林涵怡,1140327,,11403
三峽區,60029961,宸群商行,新北市三峽區中華路115號(1樓),180000,06獨資,李甄蓁,1140327,,11403
三峽區,60030003,巧樂企業行,新北市三峽區中華路64號(1樓),50000,06獨資,楊力瑾,1140327,,11403
三峽區,60030806,初捌商行,新北市三峽區中華路89號(1樓),30000,06獨資,陳凱鈞,1140331,,11403
三峽區,60026958,誠真工程行,新北市三峽區中華路３１號５樓之２,200000,06獨資,陳子涵,1140318,,11403
三峽區,60028175,揚舜企業社,新北市三峽區介壽路1段276巷5號(2樓),200000,05合夥,卓揚舜,1140321,,11403
三峽區,60028273,昱辰企業社,新北市三峽區介壽路1段345之2號,200000,06獨資,卓昱辰,1140321,,11403
三峽區,60028203,六年五班熱壓吐司早餐店,新北市三峽區大仁路65號,100000,06獨資,余玉蟬,1140325,,11403
三峽區,60024804,豹購嚴選小舖,新北市三峽區大勇路22之1號,15000,06獨資,陳馥琴,1140310,,11403
三峽區,10528734,王強尼美容美髮院,新北市三峽區大同路192號,100000,06獨資,王敏娟,1140317,,11403
三峽區,60023360,祥瑞小吃店,新北市三峽區大同路281號,200000,06獨資,郭子綺,1140304,,11403
三峽區,60029505,旺洪小吃店,新北市三峽區大德路206號,180000,06獨資,黃于桐,1140326,,11403
三峽區,60026444,帕克索尼克工作室,新北市三峽區大智路47號10樓,100000,06獨資,王俊森,1140317,,11403
三峽區,60024585,四神香室食品商行,新北市三峽區大觀路126號,200000,05合夥,陳良慧,1140307,,11403
三峽區,60025000,三暉企業工程行,新北市三峽區大觀路86號4樓,200000,06獨資,曹信暉,1140311,,11403
三峽區,60029224,奇木瑪工坊,新北市三峽區弘園街32號,50000,06獨資,黃彩紅,1140325,,11403
三峽區,60025536,黑白小郎君企業社,新北市三峽區復興路9號9樓之1,200000,06獨資,趙晟瑋,1140312,,11403
三峽區,95083901,芳琳越式養生洗頭,新北市三峽區復興路３６之４號,100000,06獨資,伍罡令,1140317,,11403
三峽區,60207304,貳壹貳商號,新北市三峽區成福路212號,100000,06獨資,張松雄,1140331,,11403
三峽區,60029293,耀來魯肉飯店,新北市三峽區文化路96號,50000,06獨資,胡耀陽,1140325,,11403
三峽區,60026090,菘韻工作室,新北市三峽區民族街145、147號(1樓),150000,05合夥,陳虹樺,1140314,,11403
三峽區,60023220,淨鍍百分百潔淨鍍膜工作室,新北市三峽區民生街1巷1之9號5樓,200000,06獨資,呂承翰,1140304,,11403
三峽區,60026134,珂蘿花工作室,新北市三峽區民生街1巷5之51號(1樓),100000,06獨資,呂筱維,1140314,,11403
三峽區,60029575,祥弘工程行,新北市三峽區民生街1巷5之91號,200000,06獨資,陳世祥,1140326,,11403
三峽區,60025141,萬新工程行,新北市三峽區添福里添福289號,200000,06獨資,李萬來,1140311,,11403
三峽區,60023740,捷安企業社,新北市三峽區溪東路315巷38號(1樓),200000,06獨資,王捷安,1140305,,11403
三峽區,60028338,成峰冷氣家電工程行,新北市三峽區長泰街78巷36號4樓,200000,05合夥,陳柏安,1140321,,11403
三芝區,60024446,桔佶坊,新北市三芝區中山路1段9巷14號5樓,50000,06獨資,李薏萱,1140307,,11403
三芝區,60027751,侗協鋼構工程行,新北市三芝區公正街26號3樓,200000,06獨資,張英美,1140320,,11403
三芝區,60029673,豪芝裝潢工程行,新北市三芝區忠孝街118號5樓之1,249000,06獨資,鄭逢豪,1140326,,11403
三芝區,60030382,富朵實業社,新北市三芝區淡金路1段36號,70000,06獨資,黃信輝,1140328,,11403
三芝區,60023690,愛不釋手室內設計工作室,新北市三芝區陽明路１０號,200000,06獨資,?志城,1140305,,11403
三重區,60026599,神代工房實業社,新北市三重區三光街30巷9號,249000,06獨資,劉大維,1140317,,11403
三重區,60023925,阡容企業社,新北市三重區三和路4段111號9樓,240000,06獨資,蘇宏庭,1140305,,11403
三重區,60025803,珍菱商行,新北市三重區三和路4段165之7號(1、2樓),150000,06獨資,黃振兼,1140313,,11403
三重區,91606457,楊加檳榔,新北市三重區三和路4段298號,200000,06獨資,楊嘉瑋,1140303,,11403
三重區,60023523,享瘦巴斯克企業社,新北市三重區三和路4段91之1號,200000,06獨資,周時妙,1140304,,11403
三重區,60026303,永堂企業社,新北市三重區三陽路32號3樓,168888,06獨資,陳永淇,1140314,,11403
三重區,60027844,元鼎傳奇企業社,新北市三重區三陽路64號地下1層,200000,06獨資,曾永慶,1140320,,11403
三重區,60026486,凱棋商行,新北市三重區中央北路60之1號(1樓),100000,06獨資,洪子棋,1140317,,11403
三重區,60026057,喬婕廣告行銷商行,新北市三重區中央南路32巷1弄10號3樓,150000,06獨資,樊惠青,1140314,,11403
三重區,60027485,捷新室內裝潢工程行,新北市三重區中正北路145巷7弄25號5樓,100000,06獨資,王慶宏,1140319,,11403
三重區,60024558,子時親子共享工作室,新北市三重區中正北路15號5樓,240000,06獨資,江睿恩,1140307,,11403
三重區,60023354,鈺朗工程行,新北市三重區中正北路380巷19號,100000,06獨資,王香文,1140304,,11403
三重區,60027372,熙旺商行,新北市三重區中正北路558號,100000,05合夥,陸姵諠,1140319,,11403
三重區,60026872,吸吸樂實業社,新北市三重區中正南路250巷11號18樓,30000,06獨資,劉芷?,1140318,,11403
三重區,60028956,晶采實業,新北市三重區中正南路52巷34號(1樓),200000,06獨資,李國宏,1140324,,11403
三重區,60028864,少年仔小炒便當,新北市三重區中正南路77號(1樓),100000,06獨資,邵子劼,1140324,,11403
三重區,60025114,錦呈工程行,新北市三重區中正南路84號11樓,50000,06獨資,劉政宏,1140311,,11403
三重區,60028837,翊煬工程行,新北市三重區中正南路84號11樓,200000,06獨資,涂琮霖,1140324,,11403
三重區,60023805,旭岦企業社,新北市三重區中正南路84號11樓,100000,06獨資,蔡育佑,1140305,,11403
三重區,60029358,泓旺工程行,新北市三重區中正南路8巷1弄19號5樓,240000,06獨資,蔡志政,1140325,,11403
三重區,60024733,榮樂企業社,新北市三重區中興北街136巷21之1號8樓,240000,06獨資,張漢義,1140310,,11403
三重區,60030475,勇勝油漆工程行,新北市三重區仁愛街27巷21號4樓,200000,06獨資,賴柏凱,1140328,,11403
三重區,60028323,荖圓環小吃店,新北市三重區仁愛街446號(1樓),150000,06獨資,李詩雄,1140321,,11403
三重區,60027422,全力秀小吃店,新北市三重區仁愛街495號(1樓),150000,06獨資,張韻柔,1140319,,11403
三重區,60029651,連盈舜鹹酥雞店,新北市三重區仁愛街59號,245000,06獨資,連盈舜,1140326,,11403
三重區,60028718,省省購商行,新北市三重區仁政街3號3樓,200000,06獨資,葉成輝,1140324,1140407,11403
三重區,60024895,開創工作室,新北市三重區光復路1段85號9樓,200000,06獨資,潘琮文,1140310,,11403
三重區,60029104,橙梨企業社,新北市三重區光復路2段102巷41號5樓,100000,06獨資,李竣傑,1140325,,11403
三重區,60025016,堅強小吃店,新北市三重區六張街115號,60000,06獨資,吳玉鉛,1140311,1140317,11403
三重區,60026900,益夆工程行,新北市三重區六張街126巷2弄16號(2樓),200000,06獨資,蘇志恒,1140318,,11403
三重區,60024353,午藏商行,新北市三重區六張街90巷1號,200000,05合夥,許富景,1140307,,11403
三重區,60030165,昱騰機電工程行,新北市三重區力行路2段15號3樓,220000,06獨資,李信璁,1140327,,11403
三重區,60028674,上禾欣工作室,新北市三重區和平街18號(4樓),50000,06獨資,程建宜,1140324,,11403
三重區,60025085,御亨工程行,新北市三重區大仁街36巷39號5樓,200000,06獨資,邵崇原,1140311,,11403
三重區,60028098,大同北炸雞,新北市三重區大同北路38之1號(1樓),200000,06獨資,郭秉顗,1140320,,11403
三重區,60027020,大鈞洗淨企業社,新北市三重區大同南路139巷5號(1樓),100000,06獨資,劉鎮崴,1140318,,11403
三重區,60024889,米肉倉行,新北市三重區大智街14號,60000,06獨資,陳佳資,1140310,,11403
三重區,60028647,鉑?通訊行,新北市三重區大智街91號,200000,06獨資,李浩瑋,1140324,,11403
三重區,60029435,謦丰工程行,新北市三重區富福街31號,200000,06獨資,鄭如悅,1140326,,11403
三重區,60030030,三重永信行,新北市三重區慈愛街１０７號,150000,06獨資,蔡佩妤,1140327,,11403
三重區,60022952,成功小吃店,新北市三重區成功路103號(1樓),200000,06獨資,陳意潔,1140303,,11403
三重區,60026275,萬永盛商行,新北市三重區成功路110號19樓之17,240000,06獨資,林萬居,1140314,,11403
三重區,60027648,慶祥實業社,新北市三重區文化北路200巷60號4樓,200000,06獨資,鄧慶祥,1140320,,11403
三重區,60025661,迅捷移動企業社,新北市三重區新北大道1段123號11樓,200000,06獨資,彭子瑄,1140312,,11403
三重區,60023002,希妮亞商行,新北市三重區新北大道1段123號11樓,200000,06獨資,張庭瑜,1140303,,11403
三重區,60028702,銓鋮工程行,新北市三重區新北大道1段123號11樓,248000,06獨資,莊博鈞,1140324,,11403
三重區,60024776,上禾禾企業社,新北市三重區新北大道1段123號11樓,200000,06獨資,吳佳霖,1140310,,11403
三重區,60026731,梓騰工程行,新北市三重區新北大道1段123號11樓,248000,06獨資,?智翔,1140317,,11403
三重區,60028631,宸果國際商務企業,新北市三重區新北大道1段129號4樓,200000,06獨資,曾詩涵,1140324,,11403
三重區,60025732,屹立工程行,新北市三重區新北大道1段129號4樓,200000,06獨資,鄭屹唐,1140313,,11403
三重區,60029694,光盒影像工作室,新北市三重區新北大道1段129號4樓,200000,06獨資,張文銓,1140326,,11403
三重區,60024749,縉臣工程行,新北市三重區新北大道1段129號4樓,200000,06獨資,陳婕嫺,1140310,,11403
三重區,60027788,竹順整合企業社,新北市三重區新北大道1段129號4樓,200000,05合夥,張順智,1140320,,11403
三重區,60024678,威豐工程行,新北市三重區新北大道1段129號4樓,200000,06獨資,李宇芯,1140310,,11403
三重區,60023426,脂肪怪獸工作室,新北市三重區新北大道1段129號4樓,100000,06獨資,賴映妏,1140304,,11403
三重區,60025120,允強企業社,新北市三重區新北大道1段129號4樓,200000,06獨資,廖得榮,1140311,,11403
三重區,60024065,富宇裝潢工程行,新北市三重區新北大道１段１２９號４樓,200000,06獨資,張淙淟,1140306,,11403
三重區,60028153,戰鋁商行,新北市三重區新北大道１段１２９號４樓,100000,06獨資,陳昱霖,1140321,,11403
三重區,60024826,形沐制作工作室,新北市三重區正義北路136號5樓之6,200000,06獨資,許富凱,1140310,,11403
三重區,60027056,景和實業社,新北市三重區正義南路45巷32號(1樓),200000,06獨資,葉柏齡,1140318,,11403
三重區,60023066,一連串燒烤,新北市三重區正義南路49號,100000,06獨資,陳澤華,1140303,,11403
三重區,60029462,維薰幸福花藝坊,新北市三重區永安北路1段3巷29號3樓,100000,06獨資,陳盈錚,1140326,,11403
三重區,60026654,愛蜜麗蔬果行,新北市三重區永安北路2段123號,200000,06獨資,王照賢,1140317,,11403
三重區,60022974,陳記冷飲店,新北市三重區永福街175之1號(1樓),245000,06獨資,陳沛玲,1140303,,11403
三重區,60027529,港發羊肉店,新北市三重區洛陽街20號(1樓),100000,06獨資,邱育鄰,1140319,,11403
三重區,60029907,得藝廣告工程行,新北市三重區洛陽街43號,200000,06獨資,柳英瑜,1140327,,11403
三重區,60028180,?鑫國際企業社,新北市三重區溪尾街20號2樓,200000,06獨資,蘇韋任,1140321,,11403
三重區,60025064,蓱子藝術工作室,新北市三重區碧華街123號(1樓),200000,06獨資,王媛平,1140311,,11403
三重區,60030144,福欣中料行,新北市三重區碧華街３０３號,200000,06獨資,熊浩宇,1140327,,11403
三重區,60026562,盈妡企業社,新北市三重區福德南路41號2樓,500000,06獨資,劉柏裕,1140317,,11403
三重區,60025326,獺石工作室,新北市三重區福德南路41號2樓,200000,06獨資,林惠玉,1140312,,11403
三重區,60026296,優優羽球體育社,新北市三重區福隆路111號3樓,200000,06獨資,孫明宜,1140314,,11403
三重區,60024179,艾伊蒔花工作室,新北市三重區福隆路１８號４樓,100000,06獨資,吳艾芸,1140306,,11403
三重區,60023045,高一實業社,新北市三重區自強路1段197號3樓,238000,06獨資,高志明,1140303,,11403
三重區,60030593,炭金追美食坊,新北市三重區自強路1段50號,200000,06獨資,陳柏全,1140328,,11403
三重區,60024972,文茹複合式餐飲,新北市三重區自強路5段26號(1樓),100000,06獨資,蔡蔚茹,1140311,,11403
三重區,60026535,郭記池上飯包,新北市三重區自強路２段８１號,100000,06獨資,郭俊逸,1140317,,11403
三重區,60024369,甄味美食店,新北市三重區重安街87巷11號,100000,06獨資,石欣蕾,1140307,,11403
三重區,60026556,重新自助洗衣店,新北市三重區重新路4段184巷25弄23號,200000,06獨資,陳建昇,1140317,,11403
三重區,60022904,天韾企業社,新北市三重區重陽路1段26巷13號(1樓),200000,06獨資,李毅霆,1140303,,11403
三重區,60028230,點綻企業社,新北市三重區重陽路3段186號,200000,05合夥,郭薏婷,1140321,,11403
三重區,60025368,扛棒企業社,新北市三重區重陽路4段130號12樓,200000,06獨資,羅濟揚,1140312,,11403
三重區,60025183,威肯仕企業社,新北市三重區重陽路4段130號12樓,200000,06獨資,羅仕江,1140311,,11403
三重區,87549167,洋加檳榔,新北市三重區重陽路4段41號(1樓),200000,06獨資,楊嘉瑜,1140303,,11403
三重區,60026922,屬於水族館,新北市三重區重陽路4段4號(1樓),100000,06獨資,詹培偉,1140318,,11403
三重區,60030741,富意企業社,新北市三重區集成路48號(1樓),200000,06獨資,黃鈺玲,1140331,,11403
三重區,60025769,弘豊企業社,新北市三重區雙園街１巷１號(1樓),200000,06獨資,吳佩雯,1140313,,11403
三重區,60025590,鄭雪莉商行,新北市三重區雙園街１巷１１號,200000,06獨資,鄭雪莉,1140312,,11403
三重區,60024115,星智娃娃屋,新北市三重區龍門路156號(1樓),200000,06獨資,潘炫智,1140306,,11403
中和區,60028816,快樂寵物美容店,新北市中和區中安街178巷13弄13號(1樓),200000,06獨資,石東霖,1140324,,11403
中和區,60027936,巷弄炒雙肉小吃店,新北市中和區中山路2段131巷5弄2號(1樓),100000,06獨資,朱仙梅,1140320,,11403
中和區,60024537,儒希企業社,新北市中和區中山路2段332巷23號5樓,200000,06獨資,林政儒,1140307,,11403
中和區,60026704,偉文企業社,新北市中和區中山路2段332巷3號11樓,200000,06獨資,秦偉文,1140317,,11403
中和區,60028007,駿成輕鋼架工程行,新北市中和區中山路2段332巷9號8樓,200000,06獨資,何安駿,1140321,,11403
中和區,60029076,知喻文創工作室,新北市中和區中山路2段332巷9號8樓,200000,06獨資,邱鈺玲,1140325,,11403
中和區,60029414,誠吉商行,新北市中和區中山路2段332巷9號8樓,200000,06獨資,林金誠,1140325,,11403
中和區,60025374,順然工程行,新北市中和區中山路2段332巷9號8樓,200000,06獨資,顏郁紘,1140312,,11403
中和區,60024255,迴響力整合行銷,新北市中和區中山路2段332巷9號8樓,200000,06獨資,林欣儀,1140306,,11403
中和區,60023072,漂亮冠軍工作室,新北市中和區中山路2段332巷9號8樓,200000,06獨資,李佳穎,1140303,,11403
中和區,60028858,大紅棗企業社,新北市中和區中山路2段340巷26號(2樓),200000,06獨資,王思婷,1140324,,11403
中和區,60028077,樂楹企業社,新北市中和區中山路2段498號,200000,06獨資,林志柏,1140320,,11403
中和區,60027226,明秋商行,新北市中和區中山路2段64巷38號13樓,200000,06獨資,吳明益,1140319,,11403
中和區,60028885,祥和印刷企業社,新北市中和區中山路3段35號19樓之14,200000,06獨資,江紀瑄,1140324,,11403
中和區,60025037,炫車坊美車企業社,新北市中和區中山路3段39號19樓,160000,06獨資,連育慶,1140311,,11403
中和區,60023707,曉明工程行,新北市中和區中山路3段39號19樓之1,200000,06獨資,方劍書,1140305,,11403
中和區,60028983,鄒家涼麵,新北市中和區中山路２段１１８號４樓之２,100000,06獨資,鄒杰穎,1140324,,11403
中和區,60025108,榮鑫石材工程行,新北市中和區中山路２段６４巷７弄９號３樓,200000,06獨資,武功榮,1140311,,11403
中和區,60025450,卡喬納娜玉石所在工作室,新北市中和區中正路1180號地下1層,100000,06獨資,曹芷榛,1140312,,11403
中和區,60029033,慧雯企業社,新北市中和區中正路277之4號18樓,248000,06獨資,林慧雯,1140325,,11403
中和區,60025178,米娜工作室,新北市中和區中正路277之4號18樓,50000,06獨資,賴芸萱,1140311,,11403
中和區,60030524,秉賦國際企業社,新北市中和區中正路503號8樓,200000,06獨資,黃昱棠,1140328,,11403
中和區,60028169,厚一點雞排專賣店,新北市中和區中正路708之1號,200000,06獨資,吳騏祥,1140321,,11403
中和區,60025331,亦展工程行,新北市中和區中正路716號7樓之4,200000,06獨資,張鴻鏵,1140312,,11403
中和區,60028597,儀庭企業社,新北市中和區中正路736號14樓之3,100000,06獨資,陳儀庭,1140324,,11403
中和區,60023170,縈柔企業社,新北市中和區中正路73號,200000,06獨資,劉昆展,1140304,,11403
中和區,60029272,僑?企業行,新北市中和區中正路957號12樓,200000,06獨資,蘇羿慈,1140325,,11403
中和區,60025682,大城企業社,新北市中和區信義街97號,30000,06獨資,陳顗安,1140313,,11403
中和區,60026155,秀妍商行,新北市中和區台新街31號2樓,100000,06獨資,邱榮宮,1140314,,11403
中和區,41244851,大萌牛肉麵,新北市中和區和平街78號,200000,06獨資,林宏林,1140324,,11403
中和區,60027350,禾苑實業社,新北市中和區和平街７之１號,188888,06獨資,洪淑貞,1140319,,11403
中和區,60023544,找找茶商行,新北市中和區員山路557號(1樓),100000,06獨資,林琍雯,1140304,,11403
中和區,60028219,大美知行工作室,新北市中和區員山路４２３巷１４弄１６號,100000,06獨資,郭耿甫,1140321,,11403
中和區,60027513,喬穎工作室,新北市中和區國光街184巷27弄4號(1樓),200000,06獨資,洪子喬,1140319,,11403
中和區,95179526,莉盈工作室,新北市中和區國光街184巷27弄4號(1樓),200000,06獨資,趙真莉,1140314,,11403
中和區,60027577,冠町商行,新北市中和區圓通路293之5號14樓,200000,06獨資,惠冠旌,1140319,,11403
中和區,60023609,?元茶館,新北市中和區圓通路325之5號(1樓),150000,06獨資,陳彥佐,1140304,,11403
中和區,60029667,大元通工程行,新北市中和區圓通路369巷156弄8號2樓,200000,06獨資,楊莉婷,1140326,,11403
中和區,60026789,祥譽工程行,新北市中和區圓通路433巷3號,200000,06獨資,張國祥,1140317,,11403
中和區,60029879,國曜彥企業社,新北市中和區安平路94號(1樓),100000,06獨資,陳秋蓉,1140327,,11403
中和區,60026325,甲巴霸咖哩,新北市中和區安樂路23號,70000,06獨資,張晉暢,1140314,,11403
中和區,60024184,妍亞邁商行,新北市中和區安邦街132號4樓,100000,06獨資,顏如吟,1140306,,11403
中和區,60024987,火星原商行,新北市中和區廟美街6巷2號,50000,06獨資,郭曉佳,1140311,,11403
中和區,60025748,壹號起司店,新北市中和區建一路1之1號,200000,06獨資,周靜華,1140313,,11403
中和區,60023093,煦辰企業社,新北市中和區建八路209號14樓,200000,06獨資,陳韻晴,1140303,,11403
中和區,60022860,鋮達工程行,新北市中和區建八路209號14樓,200000,05合夥,章昊陽,1140303,,11403
中和區,60022989,悠司沃設計所,新北市中和區成功路1巷2弄22號2樓,100000,06獨資,裴玉茹,1140303,,11403
中和區,60025584,莫里皮膚管理工作室,新北市中和區捷運路8之9號3樓,200000,06獨資,楊凱婷,1140312,,11403
中和區,60024641,佳新紙品企業社,新北市中和區新民街94巷5號,200000,06獨資,呂懿安,1140310,,11403
中和區,60030138,億萬發彩券行,新北市中和區新生街26號,50000,06獨資,黃曉雯,1140327,,11403
中和區,60026232,真如億商行,新北市中和區新生街286號(1樓),200000,06獨資,張芬真,1140314,,11403
中和區,60026866,冠冠體操工作室,新北市中和區明仁街19、19之1、19之2號,240000,06獨資,陳冠宏,1140318,,11403
中和區,60030735,金木袈企業社,新北市中和區景平路71之2號8樓之1,200000,05合夥,梅倢恩,1140331,1140415,11403
中和區,60027099,承諺商行,新北市中和區景德街109號3樓,200000,06獨資,宋承諺,1140318,,11403
中和區,60027106,承軒實業坊,新北市中和區景德街109號3樓,200000,06獨資,宋承軒,1140318,,11403
中和區,60030904,福泰御膳堂,新北市中和區民享街86巷2號(1樓),200000,05合夥,邱煜升,1140331,,11403
中和區,60025579,鐽鑫工程行,新北市中和區民利街141號4樓,200000,06獨資,李明達,1140312,,11403
中和區,60023755,品緹商行,新北市中和區民德路189巷5號13樓,200000,06獨資,陳建瑋,1140305,,11403
中和區,60027324,子翔企業社,新北市中和區民德路25巷14號2樓,200000,06獨資,簡子翔,1140319,,11403
中和區,60024516,玉翠興業,新北市中和區民德路362號3樓,200000,06獨資,鄭宏佳,1140307,,11403
中和區,60030600,禾豐餐館,新北市中和區民有街8號(1樓),200000,06獨資,鄭喬琴,1140328,,11403
中和區,60027611,樂覓多媒體行銷企業社,新北市中和區民生街10巷14弄4號4樓,200000,06獨資,朱文世,1140319,,11403
中和區,60024038,宇珊工程行,新北市中和區民生街85巷1弄1號2樓,200000,06獨資,蔡佩珊,1140305,,11403
中和區,60026726,洗帥帥工程行,新北市中和區水源路34巷3號,50000,06獨資,涂秀炫,1140317,,11403
中和區,60030691,愉事花藝工作室,新北市中和區永貞路264號(1樓),200000,06獨資,陳郁,1140331,,11403
中和區,60029646,參拾齣頭企業社,新北市中和區福祥路５號,100000,06獨資,楊旻原,1140326,,11403
中和區,60029982,麻九模型車店,新北市中和區立人街45號(1樓),150000,06獨資,王文俊,1140327,,11403
中和區,60027437,烘爐地創意設計商行,新北市中和區興南路2段160號,100000,06獨資,林靜儀,1140319,,11403
中和區,60029028,鴻起企業行,新北市中和區興南路2段172號3樓,200000,06獨資,顏仕斌,1140325,,11403
中和區,60029420,魔繡微雕美學工作室,新北市中和區興南路2段22之1號,100000,06獨資,王有芬,1140326,,11403
中和區,60025938,甲霖企業社,新北市中和區興南路3段91巷2號之1,200000,06獨資,陳羿霖,1140313,,11403
中和區,60029934,大成發企業社,新北市中和區華新街109巷11弄3之1號2樓,58888,06獨資,康仲傑,1140327,,11403
中和區,91555675,巷弄吐司華夏店,新北市中和區華新街109巷5號,50000,06獨資,黃國益,1140321,,11403
中和區,60030411,龍盛工程企業社,新北市中和區華新街167巷3號2樓,200000,06獨資,孫振華,1140328,,11403
中和區,60022897,祐乘實業社,新北市中和區華新街192巷12號,100000,06獨資,吳永承,1140303,,11403
中和區,60026373,福華福商行,新北市中和區華福街25號(1樓),100000,06獨資,潘威伯,1140317,,11403
中和區,60024500,海源企業社,新北市中和區華順街135巷9號13樓,200000,06獨資,辜于橙,1140307,,11403
中和區,60030550,堡仔小吃鋪,新北市中和區連城路249巷8弄4號,1000,06獨資,林美芳,1140328,,11403
中和區,60030329,光恆眼鏡行,新北市中和區連城路2號(1樓),200000,06獨資,黃郁婷,1140328,,11403
中和區,60029168,連城鼎號,新北市中和區連城路341號,200000,06獨資,林慶華,1140325,,11403
中和區,60024234,好運小舖美妝生活館,新北市中和區連城路347巷16弄12號2樓,100000,06獨資,張峻榮,1140306,,11403
中和區,60025156,彩虹糖夢想工作室,新北市中和區連城路356號3樓,245000,06獨資,陳禹彤,1140311,,11403
中和區,60026520,金軒美容坊,新北市中和區連城路453號,150000,06獨資,田 甜,1140317,,11403
中和區,91160510,揚記檳榔,新北市中和區連城路525之2號(1樓),200000,06獨資,楊嘉瑜,1140303,,11403
中和區,60030539,騰住商行,新北市中和區連城路68之3號3樓,100000,06獨資,吳居住,1140328,,11403
五股區,60027318,明哲企業社,新北市五股區外寮路１號之１,200000,06獨資,吳明哲,1140319,,11403
五股區,60030263,古津工程行,新北市五股區天乙路7號4樓,200000,06獨資,林宏興,1140328,,11403
五股區,60027160,睿栯企業社,新北市五股區成泰路2段90號,100000,06獨資,王聖元,1140318,,11403
五股區,60024017,新仲勝企業社,新北市五股區成泰路3段207號4樓,100000,06獨資,蔡長青,1140305,,11403
五股區,60028132,璦蒞商行,新北市五股區成泰路４段６８號１１樓,200000,06獨資,彭彥鈞,1140320,,11403
五股區,60023988,德沐森商行,新北市五股區新五路3段262號17樓,220000,06獨資,祁慶柔,1140305,,11403
五股區,60029218,米儂貝貝商舖,新北市五股區新五路3段336號14樓,50000,06獨資,戴意潔,1140325,,11403
五股區,60029701,綺鈴企業社,新北市五股區民義路1段143號,200000,06獨資,陳姍姍,1140326,,11403
五股區,60025418,蓁禾企業社,新北市五股區民義路1段287巷28號之8,200000,06獨資,羅士斌,1140312,,11403
五股區,60026747,祐成實業社,新北市五股區自強路113巷1弄14號3樓,168000,06獨資,劉祐秀,1140317,,11403
五股區,60029527,嘉虹工程行,新北市五股區芳洲八路86號12樓,240000,06獨資,項嘉民,1140326,,11403
五股區,60026346,宇翔工業社,新北市五股區芳洲路61號,50000,06獨資,廖崧翔,1140314,,11403
八里區,60028843,錡仰工程行,新北市八里區下罟里下罟子54號之6,200000,06獨資,陳俊仰,1140324,,11403
八里區,60027339,瑋翰企業社,新北市八里區中山路2段282號5樓之3,200000,06獨資,陳君翰,1140319,,11403
八里區,60028415,良多一號店,新北市八里區商港二路27號,200000,06獨資,陳映良,1140321,,11403
八里區,60023973,軒佑便當店,新北市八里區舊城路21號(1樓),100000,06獨資,游軒宥,1140305,,11403
八里區,60028549,歆凱商行,新北市八里區頂罟一路65號4樓,200000,06獨資,韓佩訓,1140321,,11403
八里區,60024121,灣彎甜企業社,新北市八里區龍米路2段200巷32號4樓,200000,06獨資,鄭婉婷,1140306,,11403
八里區,60025677,炬富企業社,新北市八里區龍米路2段232巷7號5樓,200000,06獨資,林國盛,1140313,,11403
土城區,60030221,陶圓圓甜甜圈,新北市土城區中央路1段159號,200000,06獨資,陶貞穎,1140328,,11403
土城區,60026887,瘋購物蔬果行,新北市土城區中央路1段186號(1樓),100000,06獨資,蔡孟勳,1140318,,11403
土城區,60023158,水色泥作工程行,新北市土城區中央路1段242巷2弄13號4樓,200000,06獨資,蔡淨惠,1140303,,11403
土城區,60023410,尼寶工作室,新北市土城區中央路1段291巷21號(1樓),100000,06獨資,曾思瑜,1140304,,11403
土城區,60025753,冠元企業社,新北市土城區中央路1段291巷23號4樓,200000,06獨資,程俞靜,1140313,,11403
土城區,60027909,兩個胃早午餐,新北市土城區中央路2段61巷22號(1樓),200000,06獨資,黃俐綺,1140320,,11403
土城區,60028908,金吉蓮蓮彩券行,新北市土城區中華路1段169號(1樓),50000,06獨資,涂司金蓮,1140324,,11403
土城區,60027675,寬衡企業社,新北市土城區中華路1段221號25樓,200000,05合夥,楊子寬,1140320,,11403
土城區,60024950,志宇車業社,新北市土城區仁愛路24號,200000,06獨資,羅燾宇,1140310,,11403
土城區,60028301,小林金剛砂企業社,新北市土城區仁愛路30號(1樓),240000,06獨資,林浚源,1140321,,11403
土城區,60024451,童妍童羽工作室,新北市土城區學府路1段18號2樓,200000,06獨資,林品妍,1140307,,11403
土城區,60023994,沐蒔萊早午餐,新北市土城區學府路2段21之1號(1樓),200000,06獨資,洪郁涵,1140305,,11403
土城區,60027915,順馨足體養生會館,新北市土城區學成路154號,100000,06獨資,林國榮,1140320,,11403
土城區,60026036,凌宇電商工作室,新北市土城區廣明街23巷18號3樓,200000,06獨資,林紘毅,1140314,,11403
土城區,60027696,?牣商行,新北市土城區廣明街63巷28號,200000,06獨資,李緯民,1140320,,11403
土城區,60025825,潔姆士工作室,新北市土城區廣明街４３號,100000,06獨資,李承峰,1140313,,11403
土城區,60029548,鳳鼎冷氣專業工程行,新北市土城區延吉街296巷1弄7號2樓,200000,06獨資,彭俊漢,1140326,,11403
土城區,60023333,阿林仔虱目魚店,新北市土城區延和路119號,100000,06獨資,林嘉龍,1140304,,11403
土城區,60162263,維克髮藝,新北市土城區延和路197號,200000,06獨資,李家華,1140317,,11403
土城區,60028127,輕翊人生工作室,新北市土城區延平街69巷22號3樓,20000,06獨資,陳韋伶,1140320,,11403
土城區,60022545,妮妮足體舒壓館,新北市土城區延平街82號,80000,06獨資,蔡陀尼,1140303,,11403
土城區,60029126,駿立工程行,新北市土城區慶利街25號,200000,06獨資,葉菁菁,1140325,,11403
土城區,60025515,恆富裕企業社,新北市土城區慶祥街19號6樓,200000,06獨資,陳彥安,1140312,,11403
土城區,60026009,鑫御商行,新北市土城區明德路1段75號,200000,06獨資,楊慧珊,1140314,,11403
土城區,60025944,雄秋實業,新北市土城區明德路2段68號(1樓),240000,06獨資,林志雄,1140313,,11403
土城區,60023930,真盈企業社,新北市土城區樂利街3巷24號8樓之1,200000,06獨資,楊素?,1140305,,11403
土城區,60023565,宏品工程行,新北市土城區裕民路136巷4弄5號5樓,240000,06獨資,林秉豪,1140304,,11403
土城區,17053521,祥好小吃店,新北市土城區裕民路252號,200000,05合夥,詹茂森,1140310,,11403
土城區,60022931,接力商行,新北市土城區裕民路256巷4弄6號,200000,06獨資,李承宗,1140303,,11403
土城區,60030117,耀翔工程行,新北市土城區裕民路92巷5弄9號3樓,200000,06獨資,胡守棟,1140327,,11403
土城區,60023586,奶油姨商行,新北市土城區裕民路９２巷１８號,150000,06獨資,楊璧霞,1140304,,11403
土城區,60026492,力爾生活館,新北市土城區金城路3段255號9樓之6,200000,06獨資,蔡詩涵,1140317,,11403
土城區,60028512,哲?農品行,新北市土城區青山路2巷31號5樓,100000,06獨資,陳宏哲,1140321,,11403
土城區,60028013,饈誕餒商行,新北市土城區青雲路336巷16號(1樓),200000,06獨資,曾致灝,1140320,,11403
新店區,60023208,隨遠企業社,新北市新店區三民路94巷14號(1樓),200000,06獨資,徐于右,1140304,,11403
新店區,60027210,載輪企業社,新北市新店區中正路532號(1樓),200000,06獨資,賴柏宇,1140319,,11403
新店區,60023919,惠國快樂屋,新北市新店區中正路82號(1樓),50000,06獨資,?童亮,1140305,,11403
新店區,60025542,井襄商行,新北市新店區中興路3段151號(1樓),200000,06獨資,許凱程,1140312,,11403
新店區,60030171,成億科技資訊企業社,新北市新店區中華路60巷34號,200000,06獨資,歐育成,1140327,,11403
新店區,60029202,福壽茶莊,新北市新店區光明街180號(1樓),200000,06獨資,李淑惠,1140325,,11403
新店區,60023592,星樹堂,新北市新店區北宜路2段119號8樓,100000,06獨資,林祉良,1140304,,11403
新店區,60029322,有富國際倉儲企業社,新北市新店區北宜路2段153號10樓之4,200000,06獨資,王昱婷,1140325,,11403
新店區,60029688,有福國際物流企業社,新北市新店區北宜路2段153號10樓之4,200000,06獨資,王福乾,1140326,,11403
新店區,60029792,好男人鮮蔬果企業社,新北市新店區北宜路2段255號(1樓),200000,06獨資,廖浩淯,1140326,,11403
新店區,60030215,璇潼企業社,新北市新店區北新路1段64巷51號3樓,200000,06獨資,鄧米鳳,1140327,,11403
新店區,60026079,吉可眼鏡行,新北市新店區北新路2段3號(1樓),200000,06獨資,蘇郁雯,1140314,,11403
新店區,60030926,優刻影像工作室,新北市新店區北新路2段97巷10弄23號3樓,100000,06獨資,蔡岳鋒,1140331,,11403
新店區,60023495,極光生活企業社,新北市新店區北新路3段82號9樓之5,100000,06獨資,李興祖,1140304,,11403
新店區,60027859,若里奇企業社,新北市新店區吉安街41號3樓,238000,06獨資,林?銘,1140320,,11403
新店區,60027204,潔曦工作室,新北市新店區吉祥街7巷32號2樓,100000,06獨資,蔡欣潔,1140319,,11403
新店區,60025509,阿清師烘焙坊,新北市新店區央北二路417號(1樓),200000,06獨資,許志清,1140312,,11403
新店區,60024797,宜得工程行,新北市新店區如意街21號2樓,300000,06獨資,吳彥翔,1140310,,11403
新店區,60026660,翰喜企業社,新北市新店區如意街3巷16號3樓,200000,06獨資,洪喜美,1140317,,11403
新店區,60028652,沅香餐飲,新北市新店區安和路2段203號,240000,06獨資,黃郁雯,1140324,,11403
新店區,60028745,有貓膩複合式餐飲,新北市新店區安和路2段207號(1樓),200000,06獨資,蔡忠義,1140324,,11403
新店區,60030101,咪雅商行,新北市新店區安和路２段２０５巷７號,80000,06獨資,簡志文,1140327,,11403
新店區,60024522,雷神電池行,新北市新店區安康路1段81號,50000,06獨資,高勤政,1140307,,11403
新店區,09846649,楊佳檳榔,新北市新店區安康路2段114號(1樓),5000,06獨資,楊登安,1140303,,11403
新店區,60027627,盛吉工程行,新北市新店區安康路3段776號3樓,200000,06獨資,邱茂盛,1140319,,11403
新店區,60024261,?沛婕企業社,新北市新店區安德街130巷11號3樓,200000,06獨資,張佩芬,1140306,,11403
新店區,60029998,撂倒黑貓故事工作室,新北市新店區安忠路8號4樓,100000,06獨資,廖梧佑,1140327,,11403
新店區,60023827,一刀入魂快剪,新北市新店區安民街199號,100000,06獨資,吳嘉裕,1140305,,11403
新店區,60027181,益銓工程行,新北市新店區安民街210號3樓,200000,06獨資,周榮輝,1140319,,11403
新店區,60023447,震州企業社,新北市新店區安興路125之10號,200000,06獨資,徐治文,1140304,,11403
新店區,60027366,榤科工程行,新北市新店區安興路125之11號,200000,06獨資,廖祥傑,1140319,,11403
新店區,60024874,奧莉當代藝術空間工作室,新北市新店區安興路127之13號8樓,240000,06獨資,王欣宜,1140310,,11403
新店區,60025992,拾光室內設計工作室,新北市新店區安興路127之13號8樓,200000,06獨資,蘇興,1140318,,11403
新店區,60030670,蔻辰企業社,新北市新店區安興路127之3號,200000,06獨資,莊璀潔,1140331,,11403
新店區,60027746,博瑞企業社,新北市新店區安興路１０９號２樓之３,200000,06獨資,張博証,1140320,,11403
新店區,60029744,睿婧工作室,新北市新店區寶強路1號,100000,05合夥,蔡榕哲,1140326,,11403
新店區,60028061,東盈工程行,新北市新店區寶高路11號5樓,50000,06獨資,陳盈達,1140320,,11403
新店區,60030453,城田企業社,新北市新店區屈尺路66號(1樓),200000,06獨資,楊智雅,1140328,,11403
新店區,60024918,匠喜工坊,新北市新店區建國路173號(1樓),150000,06獨資,葉曉菁,1140310,,11403
新店區,60028560,云錦行,新北市新店區建國路225巷6號4樓,200000,06獨資,周勤儒,1140321,,11403
新店區,60024810,墨非國際商行,新北市新店區文化路23之5號12樓,200000,06獨資,詹銘棋,1140310,,11403
新店區,60029836,興源泰蛋行,新北市新店區新和街59巷13號2樓之1,200000,06獨資,蔡文賢,1140327,,11403
新店區,60023256,貓又收藏行,新北市新店區新店路134號4樓,200000,06獨資,許杏塏,1140304,,11403
新店區,60030448,永久包子店,新北市新店區明山路25號,50000,06獨資,楊春梅,1140328,,11403
新店區,60024608,拌飯達人餐飲店,新北市新店區民權路147號5樓,100000,06獨資,王家龍,1140307,,11403
新店區,60024467,尼斯窯烤麵包,新北市新店區民權路188號4樓,100000,06獨資,張成龠,1140307,,11403
新店區,60024473,加馬實業社,新北市新店區民權路１８８號４樓,100000,06獨資,張成龠,1140307,,11403
新店區,60029370,逐你寵物服務工作室,新北市新店區永平街16巷15號7樓,30000,06獨資,陳冠霖,1140325,,11403
新店區,60025640,原本工作室,新北市新店區永業路81巷68號5樓,100000,06獨資,鍾美慧,1140312,,11403
新店區,60024543,焱鼎企業社,新北市新店區玫瑰路57巷17號3樓,240000,06獨資,劉冠吟,1140307,,11403
新店區,60025775,?鈊商行,新北市新店區環河路6號,100000,06獨資,陳佩君,1140313,,11403
新店區,60028914,玖三飯館,新北市新店區華城一路18號(2樓),200000,06獨資,吳文均,1140324,,11403
新店區,60029483,泰順泰小吃店,新北市新店區順安街６３號,200000,06獨資,吳維漢,1140326,,11403
新莊區,60028148,貳拾二克靈魂製造設計工作室,新北市新莊區中信街176號13樓之1,220000,05合夥,黃立成,1140321,,11403
新莊區,60023018,春春包子堂,新北市新莊區中和街155巷3號,100000,06獨資,蔡兆炫,1140303,,11403
新莊區,60023875,瀧大爺商行,新北市新莊區中和街1號,80000,06獨資,許尹瀧,1140305,,11403
新莊區,60024728,星海珵食堂,新北市新莊區中平路123號,200000,05合夥,許宏嘉,1140310,,11403
新莊區,60028479,半仙茶店商行,新北市新莊區中平路16號(1樓),200000,06獨資,黃建棟,1140321,,11403
新莊區,60029913,瑪菲斯芳療手作工作室,新北市新莊區中平路270巷10弄10號4樓,100000,06獨資,李美華,1140327,,11403
新莊區,60022995,月月芊企業社,新北市新莊區中平路１８３號２樓,200000,06獨資,潘叡穎,1140303,,11403
新莊區,60025043,忻丞商行,新北市新莊區中正路328號(1樓),100000,06獨資,陳沚伊,1140311,,11403
新莊區,60023811,森林廚房,新北市新莊區中正路492號(1樓),200000,06獨資,方寶賢,1140305,,11403
新莊區,60027302,炒不動商行,新北市新莊區中正路514巷99號,120000,06獨資,王郁安,1140319,,11403
新莊區,60197404,三隻熊機車行,新北市新莊區中正路697號(1樓),20000,06獨資,吳文雄,1140306,,11403
新莊區,60024419,智品企業社,新北市新莊區中正路１６４號(1樓),240000,06獨資,王聖智,1140307,,11403
新莊區,60029723,哲怡企業社,新北市新莊區中正路７２３號之９(1樓),200000,06獨資,林哲緯,1140326,,11403
新莊區,60030910,普瓜坊,新北市新莊區中港一街22號(1樓),50000,06獨資,謝普文,1140331,,11403
新莊區,60025557,昀禾商行,新北市新莊區中港路130號,200000,06獨資,張純?,1140312,,11403
新莊區,60026459,毛尾巴商行,新北市新莊區中港路303號,240000,06獨資,黃吳淑娟,1140317,,11403
新莊區,60030881,豐錞咖啡餐館,新北市新莊區中港路307號(1、2樓),3500000,05合夥,李丞恩,1140331,,11403
新莊區,60025162,有才商行,新北市新莊區中港路317號,240000,06獨資,黃樹林,1140311,,11403
新莊區,60024754,好加在企業社,新北市新莊區中港路421號(1樓),30000,06獨資,沈義傑,1140310,,11403
新莊區,60028935,吉莉安企業社,新北市新莊區中港路723號,200000,06獨資,羅靜婷,1140324,,11403
新莊區,60027416,巷內塔羅工作室,新北市新莊區中港路83號,200000,06獨資,吳雅婷,1140319,,11403
新莊區,60023241,讀閱媒體工作室,新北市新莊區中港路五守新村1巷15號8樓,100000,06獨資,周文琇,1140304,,11403
新莊區,60026198,丼久食堂企業社,新北市新莊區中興街7號,100000,06獨資,張玉侖,1140314,,11403
新莊區,60026774,智尤企業社,新北市新莊區中華路1段33號,240000,06獨資,陳宜琳,1140317,,11403
新莊區,60025830,箖月企業社,新北市新莊區中華路1段35號9樓之3,200000,06獨資,羅旻宜,1140313,,11403
新莊區,60024939,頭前鹹粥,新北市新莊區中華路2段120號3樓,200000,06獨資,李汶憲,1140310,,11403
新莊區,60023143,堂富工程行,新北市新莊區中華路２段７號５樓,200000,06獨資,游禮銓,1140303,,11403
新莊區,60025923,吉利豆財小舖,新北市新莊區五工二路50巷1號2樓,200000,06獨資,徐仲緯,1140313,,11403
新莊區,60024142,昕曜商行,新北市新莊區五工路92號6樓,50000,06獨資,吳昕庭,1140306,,11403
新莊區,60023397,沐程企業社,新北市新莊區五權一路12巷9弄1之1號(1樓),200000,06獨資,劉姿妍,1140304,,11403
新莊區,60025402,聚佳工程行,新北市新莊區五權一路1號8樓之1,200000,06獨資,簡佳瑜,1140312,,11403
新莊區,60027345,饌翻天食品行,新北市新莊區五權一路52號5樓,200000,06獨資,李泇瑩,1140319,,11403
新莊區,60030398,坤德實業社,新北市新莊區五權一路7號4樓之3,200000,06獨資,傅國華,1140328,,11403
新莊區,60027176,晨晨冰?室,新北市新莊區公園路35號(1樓),150000,06獨資,王博冉,1140318,,11403
新莊區,60023967,鼎鋅企業社,新北市新莊區化成路325巷23號(1樓),300000,06獨資,葉書妤,1140305,,11403
新莊區,60030073,欣園美食坊,新北市新莊區化成路352巷19號(1樓),20000,06獨資,錢月梅,1140327,,11403
新莊區,95066121,四維一一七紅茶店,新北市新莊區四維路117號(1樓),100000,06獨資,李柏緯,1140324,,11403
新莊區,60023262,冠傑企業社,新北市新莊區四維路117號3樓,200000,06獨資,陳凱榛,1140304,,11403
新莊區,60030828,秀黃越式洗頭,新北市新莊區四維路151巷16號(1樓),25000,06獨資,黃秀卿,1140331,,11403
新莊區,60029771,旺美企業社,新北市新莊區四維路207巷14號3樓,246000,06獨資,柯水波,1140326,,11403
新莊區,60023116,成鑫工程行,新北市新莊區壽山路33之22號3樓,200000,06獨資,董芃蓉,1140303,,11403
新莊區,60029110,鑫源川企業社,新北市新莊區天祥街19巷6號3樓,150000,06獨資,王語嫣,1140325,,11403
新莊區,60028105,聚口福小館,新北市新莊區富國路19巷1號(1樓),100000,06獨資,曾馨儀,1140320,,11403
新莊區,60028800,永鉅企業社,新北市新莊區幸福路671巷6號4樓,200000,06獨資,黃家俊,1140324,,11403
新莊區,60029511,娟菲坊,新北市新莊區建中街３２巷１０號,9000,06獨資,趙娟,1140326,1140327,11403
新莊區,60024902,永福鎮企業社,新北市新莊區建國一路44號(1樓),200000,06獨資,林祐謙,1140310,,11403
新莊區,60030025,宅青春獨立遊戲工作室,新北市新莊區建國一路53號5樓,200000,06獨資,李帛翰,1140327,,11403
新莊區,60030756,霓露國際化妝品商行,新北市新莊區建安街101巷2弄2號6樓,238000,06獨資,邱辰,1140331,,11403
新莊區,60023663,胖鼠企業社,新北市新莊區後港一路129號,200000,06獨資,鍾孝義,1140306,,11403
新莊區,60030876,旭展企業社,新北市新莊區後港二路29號2樓,180000,06獨資,林庭旭,1140331,,11403
新莊區,60028766,饗禾米食堂,新北市新莊區復興路1段181號,200000,06獨資,陳瑋帆,1140324,,11403
新莊區,60023100,諦居空調工程行,新北市新莊區復興路2段128巷2號4樓,200000,06獨資,林敬富,1140303,,11403
新莊區,60025022,博理科技工程行,新北市新莊區思源路243號,200000,06獨資,陳子頤,1140311,,11403
新莊區,60030860,國彰實業社,新北市新莊區思源路490號5樓之1,200000,06獨資,莊國彰,1140331,,11403
新莊區,60026628,鈊象企業社,新北市新莊區思源路490號5樓之1,200000,06獨資,曾仲海,1140317,,11403
新莊區,60026937,利燊企業社,新北市新莊區思源路４００號３樓,240000,06獨資,李宏霖,1140318,,11403
新莊區,60025389,芷定工作室,新北市新莊區新北大道7段388號5樓,240000,06獨資,李宗憲,1140312,,11403
新莊區,60030290,沐宸服飾,新北市新莊區新崑路143號5樓,200000,06獨資,戴得禎,1140328,,11403
新莊區,60023782,玩樂之心工作室,新北市新莊區新樹路771號,200000,06獨資,高郁心,1140305,,11403
新莊區,60027197,菲帆企業社,新北市新莊區新樹路３０２巷９號,200000,06獨資,田依玄,1140319,,11403
新莊區,60030088,焙爾食堂,新北市新莊區新樹路４１２號(1樓),200000,06獨資,歐彥箴,1140327,,11403
新莊區,60026021,朵莊美髮店,新北市新莊區新泰路193號,10000,06獨資,陳品潔,1140314,,11403
新莊區,60024699,綵泰髮型美容店,新北市新莊區新泰路193號2樓,10000,06獨資,古亦沛,1140310,,11403
新莊區,60029006,得飲茶商行,新北市新莊區新泰路214號(1樓),200000,06獨資,屠翊瑋,1140325,,11403
新莊區,60029553,緯凡企業社,新北市新莊區新泰路42號,200000,06獨資,簡宇均,1140326,,11403
新莊區,60026802,都可以韓式小吃店,新北市新莊區新泰路502巷56號,100000,06獨資,王世萱,1140317,,11403
新莊區,60025727,天盛企業社,新北市新莊區新知三路61號3樓,200000,06獨資,吳易謀,1140313,,11403
新莊區,60027605,永日商行,新北市新莊區新莊路236號(1樓),240000,06獨資,姜弘紳,1140319,,11403
新莊區,60023571,坤瑞工程行,新北市新莊區新莊路601號,200000,06獨資,檀斯珍,1140304,,11403
新莊區,60029765,航宇消防工程行,新北市新莊區新莊路713巷7弄1號7樓,240000,06獨資,高于喬,1140326,,11403
新莊區,60026583,顗元商行,新北市新莊區新豐街63號(1樓),40000,06獨資,陳俊偉,1140317,,11403
新莊區,60028724,北二高運動彩券行,新北市新莊區新豐街１７號,50000,06獨資,黃智瑋,1140324,,11403
新莊區,60029786,昌平髮廊,新北市新莊區昌平街41巷12號,50000,06獨資,范志華,1140326,,11403
新莊區,60025796,姤宜生活事業工作室,新北市新莊區昌平街82巷13弄27號3樓,50000,06獨資,丁翊珊,1140313,,11403
新莊區,60023636,京致食堂,新北市新莊區昌隆街104號(1樓),150000,06獨資,梁慧如,1140305,,11403
新莊區,60027464,八田源小吃店,新北市新莊區民安西路134號(1樓),200000,06獨資,盧柏翔,1140319,,11403
新莊區,60029343,湧泉眼鏡行,新北市新莊區民安西路303號,200000,06獨資,陳文龍,1140325,,11403
新莊區,60030637,來抓我娃民安企業社,新北市新莊區民安西路２７８號,150000,06獨資,王俊傑,1140331,,11403
新莊區,60030257,葳泓商行,新北市新莊區民樂街87巷3號2樓,245000,05合夥,盧瑞泓,1140328,,11403
新莊區,60026280,味味豐餐飲企業社,新北市新莊區泰順街46號(1樓),150000,06獨資,彭煒康,1140314,,11403
新莊區,60026248,酷狗自動門企業,新北市新莊區瓊林路96巷5號(1樓),200000,06獨資,許志平,1140314,,11403
新莊區,60022947,佳香堡早餐店,新北市新莊區瓊泰路148號,20000,06獨資,林祥傳,1140303,,11403
新莊區,60023235,紅雙小吃店,新北市新莊區瓊泰路177號,100000,06獨資,阮紅雙,1140304,,11403
新莊區,60025607,玟蓉樂器工作坊,新北市新莊區福壽街106巷4號,120000,06獨資,吳玟蓉,1140312,,11403
新莊區,60028111,晟懿小吃店,新北市新莊區福壽街122號,200000,06獨資,吳晟瑋,1140320,,11403
新莊區,60026330,制高點車行,新北市新莊區福壽街46巷14號(1樓),200000,06獨資,紀蘢,1140314,,11403
新莊區,60028528,萬祥五金企業社,新北市新莊區福壽街59巷28號3樓,238000,05合夥,王進賢,1140321,,11403
新莊區,60024656,家樂?商號,新北市新莊區福營路65號(1樓),200000,06獨資,盧佳惠,1140310,,11403
新莊區,60026471,拾味小站商行,新北市新莊區立信五街7號(1樓),20000,06獨資,林慧菁,1140317,,11403
新莊區,60028436,大允系統傢俱,新北市新莊區自重街16號4樓,200000,06獨資,陳翁肇甫,1140321,,11403
新莊區,60025395,邱國?材料行,新北市新莊區萬安街47巷17號9樓,238000,06獨資,邱國?,1140312,,11403
新莊區,60024924,德易汽車工坊,新北市新莊區萬安街87巷6號3樓,200000,06獨資,劉邦政,1140310,,11403
新莊區,60028317,胖鬍子生鮮專賣店,新北市新莊區裕民街81號3樓,240000,06獨資,胡世隆,1140321,1140409,11403
新莊區,60025629,森秋工作室,新北市新莊區西盛街201巷11號2樓,50000,06獨資,邱品榮,1140312,,11403
新莊區,60026514,力製工作室,新北市新莊區西盛街377巷3號3樓,200000,06獨資,邱奕綺,1140317,,11403
新莊區,60026845,精靈工程行,新北市新莊區西盛街387巷34弄22號2樓,240000,06獨資,陳榆云,1140317,,11403
新莊區,60029239,力瑋小吃店,新北市新莊區西盛街３５２號,8000,06獨資,陳力瑋,1140325,,11403
新莊區,60023431,豐年冷飲店,新北市新莊區豐年街15號(1樓),150000,06獨資,黃品峰,1140304,,11403
新莊區,60024494,宸盛工作室,新北市新莊區銘德街120號3樓,1000000,06獨資,王浩宸,1140307,,11403
新莊區,60025846,泰鳳科技工程行,新北市新莊區鳳山街56巷19號(1樓),200000,05合夥,孫偉傑,1140313,,11403
新莊區,60026752,新耀室內設計裝潢工程行,新北市新莊區龍安路280號4樓,200000,06獨資,王義隆,1140317,,11403
板橋區,60029759,波爺食府,新北市板橋區三民路2段183號,50000,05合夥,張哲銘,1140326,,11403
板橋區,60027149,憶峰企業社,新北市板橋區三民路2段245巷45號4樓,200000,06獨資,石力瑋,1140318,,11403
板橋區,60029625,嗨禮厚工作室,新北市板橋區三民路2段28號9樓,100000,06獨資,許書睿,1140326,,11403
板橋區,60024071,南大俠娛樂工作室,新北市板橋區三民路2段32號3樓,60000,06獨資,徐諾曼,1140306,,11403
板橋區,60029955,山玥創作工坊,新北市板橋區三民路2段32號3樓,50000,06獨資,張敏慧,1140327,,11403
板橋區,60029250,筑輕鬆養生會館,新北市板橋區三民路2段66號,50000,06獨資,林恆志,1140325,,11403
板橋區,60030355,亞新企業社,新北市板橋區中山路1段10號11樓,16800,06獨資,田銘傑,1140328,,11403
板橋區,60028490,長緯企業社,新北市板橋區中山路1段10號11樓,200000,06獨資,陳誌彬,1140321,,11403
板橋區,60025780,貳肆企業社,新北市板橋區中山路1段10號11樓,200000,06獨資,林毓純,1140313,,11403
板橋區,60030545,宜川工程行,新北市板橋區中山路1段10號11樓,240000,06獨資,劉宜訓,1140328,,11403
板橋區,60025445,聲境音樂工坊,新北市板橋區中山路1段10號11樓,50000,06獨資,謝定璜,1140312,,11403
板橋區,60030566,莫菲時尚製造所,新北市板橋區中山路1段10號9樓,249999,06獨資,莫琇媛,1140328,,11403
板橋區,60024086,乖一點自媒體企業社,新北市板橋區中山路1段293之1號10樓之1,100000,06獨資,陳哲亭,1140306,,11403
板橋區,60025135,浩良工程行,新北市板橋區中山路1段293之1號10樓之1,200000,06獨資,吳金榮,1140311,,11403
板橋區,60025276,夢豆洗衣店,新北市板橋區中山路2段18號(1樓),200000,06獨資,杜昱璋,1140311,,11403
板橋區,60023349,貓味工作室,新北市板橋區中山路2段505巷26號2樓,100000,06獨資,陳玉如,1140304,,11403
板橋區,60029863,幸妤小吃店,新北市板橋區中山路2段84號(1樓),50000,06獨資,蔡幸妤,1140327,,11403
板橋區,60025888,文冠百貨行,新北市板橋區中正路250巷11號,100000,06獨資,陳冠宇,1140313,,11403
板橋區,60028055,多一點商行,新北市板橋區中正路250巷124號,50000,06獨資,莊小嫺,1140320,,11403
板橋區,60027582,食田小館,新北市板橋區互助街45號(1樓),200000,06獨資,林美蓉,1140319,,11403
板橋區,60026269,新海岸美食館,新北市板橋區僑中一街125巷6弄18號之1,200000,06獨資,王文潔,1140314,,11403
板橋區,60024781,貝果貓文創工作室,新北市板橋區僑中一街80巷1弄16號4樓,200000,06獨資,朱珮華,1140310,,11403
板橋區,60024380,博輝工程行,新北市板橋區僑中二街108巷21號4樓,100000,06獨資,黃大慶,1140307,,11403
板橋區,60029287,緗甜手作烘焙坊,新北市板橋區僑中二街114巷12號4樓,100000,06獨資,吳志平,1140325,,11403
板橋區,60028962,源亨工程行,新北市板橋區光復街２２４巷８號,200000,06獨資,侯雅心,1140324,,11403
板橋區,60025493,千巧廚早餐,新北市板橋區公館街86號(1樓),1000000,05合夥,邱珮雯,1140312,,11403
板橋區,60029940,鏵安眼鏡行,新北市板橋區南門街５２號(1樓),80000,06獨資,劉妏,1140327,,11403
板橋區,60027400,南雅川味涼拌店,新北市板橋區南雅南路1段5巷9號(1樓),100000,06獨資,李云智,1140319,,11403
板橋區,60024163,勤易商行,新北市板橋區南雅南路2段144巷1號4樓之1,200000,06獨資,洪鈺婷,1140306,,11403
板橋區,60026850,蘿莎姍妮商行,新北市板橋區南雅東路16之6號,100000,06獨資,李姍妮,1140318,,11403
板橋區,60027507,良達運輸企業社,新北市板橋區南雅東路8號9樓之32,240000,06獨資,吳家瑋,1140319,,11403
板橋區,60030186,衣家衣企業社,新北市板橋區南雅東路8號9樓之32,200000,06獨資,蔡品享,1140327,,11403
板橋區,60030427,臻閃曜企業社,新北市板橋區南雅西路2段153號(1樓),150000,06獨資,高英展,1140328,,11403
板橋區,60027041,陳億工程行,新北市板橋區南雅西路2段263號(1樓),200000,06獨資,陳啟瑞,1140318,,11403
板橋區,60024059,南雅貳之五選物販賣行,新北市板橋區南雅西路2段2之5號(1樓),50000,06獨資,謝惠如,1140306,,11403
板橋區,60023024,丁玉蔬菜行,新北市板橋區南雅西路2段38巷13號2樓,70000,06獨資,林麗真,1140303,,11403
板橋區,60030480,美綺商行,新北市板橋區合安一路87號(1樓),200000,06獨資,金美綺,1140328,,11403
板橋區,60026394,威伯茶莊,新北市板橋區合宜一路121號14樓,80000,06獨資,莊美琪,1140317,,11403
板橋區,60026991,沐沐法寓工作室,新北市板橋區合宜一路15號,10000,06獨資,鄧惠茹,1140318,,11403
板橋區,60024277,日森商行,新北市板橋區四川路1段206號(1樓),200000,06獨資,呂定承,1140306,,11403
板橋區,60024136,再夾五分鐘企業社,新北市板橋區四川路1段304號,100000,06獨資,陳東毅,1140306,,11403
板橋區,60030685,青宸商行,新北市板橋區四川路1段357號,200000,06獨資,王宥騰,1140331,,11403
板橋區,60023328,沐芙堂,新北市板橋區國慶路149巷5號5樓,30000,06獨資,廖珮君,1140304,,11403
板橋區,60030051,金政點早餐店,新北市板橋區國慶路23號(1樓),50000,06獨資,林政頤,1140327,,11403
板橋區,60024706,洗衣香自助洗衣,新北市板橋區國泰街32號,200000,06獨資,羅志平,1140310,,11403
板橋區,60026508,得赫企業社,新北市板橋區國泰街75巷31號,240000,06獨資,陳書寰,1140317,,11403
板橋區,60030242,晨菖企業社,新北市板橋區國泰街83號(1樓),60000,06獨資,費士秉,1140328,,11403
板橋區,60024109,松本小吃店,新北市板橋區大仁街20號,50000,06獨資,劉永春,1140306,,11403
板橋區,60028294,秝鼎企業社,新北市板橋區大勇街９號４樓,100000,06獨資,林廷昭,1140321,,11403
板橋區,60027921,全晟廣告行,新北市板橋區大明街20巷29弄24號3樓,100000,06獨資,巫麗貴,1140320,,11403
板橋區,60028359,日環早午餐,新北市板橋區大華街108號,200000,06獨資,彭于祝,1140321,,11403
板橋區,60030019,致達企業社,新北市板橋區大觀路2段142號3樓,200000,06獨資,李奕緯,1140327,,11403
板橋區,60029596,圓飽餐飲企業社,新北市板橋區大觀路2段174巷176弄15號(1樓),240000,05合夥,呂晉瑋,1140326,,11403
板橋區,60030708,塔塔攝影工作室,新北市板橋區大觀路2段19巷112號3樓,10000,06獨資,葉忠佳,1140331,,11403
板橋區,60030209,?窩商行,新北市板橋區大觀路3段160巷34弄15號,100000,06獨資,陳韋諺,1140327,,11403
板橋區,60027387,潔果商行,新北市板橋區實踐路126號(1樓),50000,06獨資,江怡潔,1140319,,11403
板橋區,60025424,樂馨蓉商行,新北市板橋區忠孝路118號(1樓),200000,06獨資,劉傳卿,1140312,,11403
板橋區,60027062,苡蓁美容會館,新北市板橋區忠孝路265號(1樓),180000,06獨資,林信德,1140318,,11403
板橋區,60027133,巴蒂生活館,新北市板橋區文化路1段136巷10號,50000,06獨資,張宜茜,1140318,,11403
板橋區,60023951,謙盛便當店,新北市板橋區文化路1段149號,60000,06獨資,賴謙裔,1140305,,11403
板橋區,60024570,正大家居行,新北市板橋區文化路1段188巷7弄14號2樓,200000,05合夥,謝憲明,1140307,,11403
板橋區,60029441,康橋藥局,新北市板橋區文化路1段273號(1樓),10000,06獨資,陳芳誼,1140326,,11403
板橋區,60026319,裕蘊美學工作室,新北市板橋區文化路1段329號4樓,200000,06獨資,錢詩穎,1140314,,11403
板橋區,00547820,蔚寧企業社,新北市板橋區文化路2段285號21樓,200000,06獨資,李寧,1140317,,11403
板橋區,60029081,正暘國際工作室,新北市板橋區文化路2段285號21樓,200000,06獨資,葉于琳,1140325,,11403
板橋區,60023946,網拓智鏈行銷企業社,新北市板橋區文化路2段285號21樓,200000,06獨資,何昀潔,1140305,,11403
板橋區,60027491,吳師傅實木家俱,新北市板橋區新生街89巷28號3樓,200000,06獨資,吳金塔,1140319,,11403
板橋區,60029619,劉賴商行,新北市板橋區松柏街５５號,200000,06獨資,劉賴嘉璿,1140326,,11403
板橋區,60030159,韡寶國際企業社,新北市板橋區板新路101號4樓,200000,06獨資,周偉翔,1140327,,11403
板橋區,60022881,印相餐飲,新北市板橋區板新路127號,160000,06獨資,鄭皓元,1140303,,11403
板橋區,60027128,麥修創意行銷設計事業,新北市板橋區板新路81巷2號3樓,200000,06獨資,張士俞,1140318,,11403
板橋區,60030067,林的臭豆腐批發,新北市板橋區林森街３巷１號,100000,06獨資,林柏村,1140327,,11403
板橋區,60023039,雲樂花店,新北市板橋區樂群路66號,100000,06獨資,張孟緯,1140303,,11403
板橋區,60025304,九零五咖啡店,新北市板橋區民權路202巷6弄1號,248000,06獨資,呂瑾惠,1140312,,11403
板橋區,60027289,女口月髮型工作室,新北市板橋區民權路202巷7弄2之5號(1樓),200000,06獨資,謝炳煇,1140319,,11403
板橋區,91352968,順儷民權藥局,新北市板橋區民權路258之7號(1樓),100000,06獨資,何家銘,1140325,,11403
板橋區,60027725,麗莎越式洗髮,新北市板橋區民治街127號2樓,200000,06獨資,謝韋帆,1140320,,11403
板橋區,60025260,川浩企業社,新北市板橋區民治街129號,200000,06獨資,林裕翔,1140311,,11403
板橋區,60027767,阿泔烏醋麵,新北市板橋區民治街74號,80000,06獨資,黃柏源,1140320,,11403
板橋區,60027268,雲義企業社,新北市板橋區民生路1段129號4樓,200000,06獨資,陳俊義,1140319,,11403
板橋區,60025206,來糰聚商行,新北市板橋區民生路2段188號,50000,06獨資,林錦華,1140311,,11403
板橋區,60026107,重力體能新浦工作室,新北市板橋區民生路2段232號9樓之20、21號,100000,06獨資,李庭瑋,1140314,,11403
板橋區,60030502,韓信爺自助桌遊館,新北市板橋區民生路3段162號,200000,06獨資,趙書漢,1140328,,11403
板橋區,60024966,川利商行,新北市板橋區永豐街120巷2弄1號4樓,200000,06獨資,江虹汝,1140310,,11403
板橋區,60028506,昇達衛浴設備工程行,新北市板橋區溪崑二街１６巷３８號３樓,150000,06獨資,胡瑋璽,1140321,,11403
板橋區,60027838,勝?工程行,新北市板橋區漢生東路125巷4號,200000,06獨資,簡和智,1140320,,11403
板橋區,60029060,塯二柒商行,新北市板橋區漢生東路279巷38號,200000,06獨資,張家蒨,1140325,,11403
板橋區,60028246,六月沐寵物沙龍,新北市板橋區漢生西路165巷46號,100000,06獨資,陳姵蓁,1140321,,11403
板橋區,60029815,嵐玥商行,新北市板橋區漢生西路89巷3號3樓,200000,06獨資,吳純慧,1140326,,11403
板橋區,60023684,美潔企業社,新北市板橋區田單街2號4樓,200000,06獨資,鄭智元,1140305,,11403
板橋區,60029152,享好康企業社,新北市板橋區縣民大道1段64巷31號(2樓),240000,06獨資,呂碧純,1140325,,11403
板橋區,60025058,森澤裝修工程行,新北市板橋區縣民大道3段187巷15號,240000,06獨資,陳紘萱,1140311,,11403
板橋區,60028365,英邦石材企業社,新北市板橋區縣民大道3段33巷9弄7號(1樓),200000,06獨資,黃翰英,1140321,,11403
板橋區,60024213,秝居系統家具設計企業社,新北市板橋區翠華街10巷1號,200000,06獨資,林沛淇,1140306,,11403
板橋區,60027035,歐森玻璃行,新北市板橋區莒光路133巷16號4樓,200000,06獨資,王宗威,1140318,,11403
板橋區,60024847,晟益商行,新北市板橋區華江一路158號16樓,238000,06獨資,李東霖,1140310,,11403
板橋區,60030405,青森食堂,新北市板橋區華江一路580號(1樓),150000,06獨資,陳素霞,1140328,,11403
板橋區,60027632,永晟行銷數位社,新北市板橋區華江三路97號,200000,06獨資,江旻叡,1140319,,11403
板橋區,60026970,宸婕商行,新北市板橋區華江九路56號,150000,06獨資,張尤如,1140318,,11403
板橋區,60027112,溫動工作室,新北市板橋區萬板路112巷2號3樓,100000,06獨資,吳永昌,1140318,,11403
板橋區,60030432,花禮質研商行,新北市板橋區藝文街366號(1樓),88800,06獨資,陳婉萍,1140328,,11403
板橋區,60027719,晁源商行,新北市板橋區裕民街122號10樓,200000,06獨資,陳天賜,1140320,,11403
板橋區,60030664,新裕民自助洗衣,新北市板橋區裕民街75巷2弄15號(1樓),100000,06獨資,蔡豐澤,1140331,,11403
板橋區,60027794,泰慶企業社,新北市板橋區西門街18之2號(1樓),245000,06獨資,李泰慶,1140320,,11403
板橋區,60030340,禾臻商行,新北市板橋區貴興路39號,200000,06獨資,謝雲飛,1140328,,11403
板橋區,60025819,甜蜜時光手作坊,新北市板橋區重慶路213號,238000,06獨資,黃元聰,1140313,,11403
板橋區,60028870,有渼工作室,新北市板橋區重慶路89巷13號(1樓),100000,06獨資,王如臻,1140324,,11403
板橋區,60024564,水次方清潔坊,新北市板橋區金華街10巷116號4樓,100000,06獨資,楊育臻,1140307,,11403
板橋區,60023869,琳璟工程行,新北市板橋區金華街85巷19號4樓,200000,06獨資,陳冠霖,1140305,,11403
板橋區,60029478,亞晉工程行,新北市板橋區金門街25巷21號,200000,06獨資,潘嘉全,1140326,,11403
板橋區,60027458,簡單點豆花店,新北市板橋區金門街270號,50000,06獨資,李沛姍,1140319,,11403
板橋區,72743620,早安陽光花園早餐店,新北市板橋區金門街324巷14號,180000,06獨資,王齡瑩,1140321,,11403
板橋區,60023278,呷灰枸小吃店,新北市板橋區金門街324巷3號,200000,06獨資,黃志偉,1140304,,11403
板橋區,60030587,宜運展業,新北市板橋區金門街369巷42弄8號5樓,200000,06獨資,鍾緯霖,1140328,,11403
板橋區,60029097,奇奇美式早午餐,新北市板橋區長江路1段367號,200000,06獨資,張芳榕,1140325,,11403
板橋區,60026253,柯弟野遊工作室,新北市板橋區長江路2段245號(1樓),200000,05合夥,陳泊澍,1140314,,11403
板橋區,60026612,阿茂小吃店,新北市板橋區長江路2段87號,50000,06獨資,黃秋茂,1140317,,11403
板橋區,60030714,敖鎢餐館,新北市板橋區陽明街105號,200000,05合夥,邱柏翔,1140331,,11403
板橋區,60024430,幸運旋轉選物販賣,新北市板橋區雙十路3段64號,100000,06獨資,黃郁智,1140307,,11403
板橋區,60030849,柔?美學工作室,新北市板橋區雙十路3段6號3樓之1,50000,06獨資,李小柔,1140331,,11403
板橋區,60024311,金軒商務社,新北市板橋區館前東路116號3樓,200000,05合夥,傅彥斌,1140306,,11403
板橋區,60028034,維式日常工作室,新北市板橋區館前東路22號8樓之1,60000,06獨資,陳維萱,1140320,,11403
板橋區,60030572,盛饗饕食炸物商行,新北市板橋區館前東路63號,200000,06獨資,鄧沚潾,1140328,,11403
板橋區,60023164,?墨設計工作室,新北市板橋區龍泉街108巷26號2樓,200000,06獨資,洪妤玟,1140303,,11403
板橋區,60027886,馨方花藝坊,新北市板橋區龍泉街７９巷５號３樓,50000,06獨資,胡秀緞,1140320,,11403
板橋區,60027942,螞蟻窩甜點,新北市板橋區龍興街69之2號2樓之2,100000,06獨資,劉芷妍,1140320,,11403
林口區,60026697,鑨發冷氣工程行,新北市林口區中北三街337號,200000,06獨資,謝玉龍,1140317,,11403
林口區,60023087,四方空間工作室,新北市林口區中山路532之2號,600000,06獨資,戴靜慈,1140303,,11403
林口區,60026578,林口尚青檳榔行,新北市林口區中山路640號,50000,06獨資,李曉萍,1140317,,11403
林口區,60028793,玖湘小吃店,新北市林口區中山路9號(1樓),200000,06獨資,鄭羽辰,1140324,,11403
林口區,60028288,林口福氣麵線,新北市林口區中正路327號(1樓),100000,06獨資,黃美玲,1140321,,11403
林口區,60028082,傑焙克鮮烘咖啡店,新北市林口區中正路96巷5號,30000,06獨資,王蘊傑,1140320,,11403
林口區,60030046,京寰企業社,新北市林口區仁愛二路116號,200000,06獨資,詹雅婷,1140327,,11403
林口區,60027979,惟嶼工作室,新北市林口區仁愛二路120號(1樓),200000,06獨資,徐兆麟,1140320,,11403
林口區,60023283,彩魚美學概念館,新北市林口區仁愛二路65號(1樓),50000,06獨資,廖采瑜,1140304,,11403
林口區,60028787,騏禾工程行,新北市林口區佳林路56巷6弄14號(1樓),200000,06獨資,呂秋雲,1140324,,11403
林口區,60026205,暮羲商行,新北市林口區公園路129號(1樓),50000,06獨資,林祐均,1140314,,11403
林口區,60022876,彩曼油漆工程行,新北市林口區公園路171號7樓之1,200000,06獨資,宋銘瑋,1140303,,11403
林口區,60030778,彩鑫油漆工程行,新北市林口區公園路203號10樓之1、10樓之２,200000,06獨資,伍若琳,1140331,,11403
林口區,60023376,泳希工作室,新北市林口區公園路203號10樓之1至之2,200000,06獨資,陳泳希,1140304,,11403
林口區,60030643,芳旭工程行,新北市林口區四維路108號15樓,580000,06獨資,舒莉芳,1140331,,11403
林口區,60029532,拾三商行,新北市林口區忠孝路278號3樓,10000,06獨資,鄭宇珊,1140326,,11403
林口區,60026839,賴氏米苔目冰,新北市林口區文化一路2段217號之2,100000,06獨資,賴秋萍,1140317,,11403
林口區,60027669,沁芙生活館,新北市林口區文化一路１段２４０號,240000,05合夥,吳有財,1140320,,11403
林口區,60023538,力元企業社,新北市林口區文化三路1段225巷12號3樓,200000,06獨資,黃騰廣,1140304,,11403
林口區,60027561,雪犬屋商行,新北市林口區文化三路1段617巷53號(1樓),200000,06獨資,關馥潁,1140319,,11403
林口區,60022968,?美格企業社,新北市林口區文化三路2段146號19樓,200000,06獨資,謝凱竹,1140303,,11403
林口區,60025254,一日髮廊,新北市林口區文化三路2段289號(1樓),100000,06獨資,吳芸萱,1140311,,11403
林口區,60024207,程光企業社,新北市林口區文化二路1段20巷25弄27號5樓,240000,06獨資,陳慧光,1140306,,11403
林口區,60023903,奕綺企業社,新北市林口區文化二路1段64號之5(1樓),80000,06獨資,周緁誼,1140305,,11403
林口區,60027865,新北樂東國際企業社,新北市林口區文化二路1段68巷12之6號(1樓),100000,06獨資,楊宗學,1140320,,11403
林口區,60024760,嘉盛企業社,新北市林口區文林六街13巷12號4樓,240000,06獨資,陳嘉堡,1140310,,11403
林口區,60028442,愷沂企業社,新北市林口區林口路243號,220000,06獨資,黃雅鈴,1140321,,11403
林口區,60030307,庭宇萱企業社,新北市林口區民有街70號,200000,06獨資,趙發宇,1140328,,11403
林口區,60025965,祐辰科技工作室,新北市林口區粉寮路1段15號(1樓),200000,06獨資,蘇子祐,1140313,,11403
林口區,60029147,峰采企業社,新北市林口區粉寮路1段72號2樓,200000,06獨資,李有明,1140325,,11403
林口區,60028999,翊瑄企業社,新北市林口區粉寮路1段72號2樓,200000,06獨資,朱翊瑄,1140324,,11403
林口區,60026710,慧美學工作室,新北市林口區自強三街23號4樓,50000,06獨資,王淑慧,1140317,,11403
林口區,60028695,娜個吉莉的企業社,新北市林口區麗園一街6巷3號7樓之1,100000,06獨資,林佳麗,1140324,,11403
林口區,60025352,支點運動工作室,新北市林口區麗園一街６巷３號1樓之４,200000,06獨資,邵偉銘,1140312,,11403
樹林區,60023734,??科技企業社,新北市樹林區中和街20之1號8樓,100000,06獨資,陳奕佑,1140305,,11403
樹林區,60025228,安可鍹服裝工作室,新北市樹林區中山路1段262號(1樓),200000,06獨資,林芷鍹,1140311,,11403
樹林區,60030313,儒昕工程行,新北市樹林區中山路1段60號4樓,200000,06獨資,柯政良,1140328,,11403
樹林區,60029245,滴悠恩企業社,新北市樹林區中山路1段76巷8號3樓,200000,06獨資,陳雯萱,1140325,,11403
樹林區,60023657,嘉豪工程行,新北市樹林區中山路2段158之1號,200000,06獨資,羅仲豪,1140305,,11403
樹林區,60025867,億承工程行,新北市樹林區中正路35巷9號3樓,248000,06獨資,陳明哲,1140313,,11403
樹林區,60028772,程遠工程行,新北市樹林區中正路639號13樓,100000,06獨資,陳柏菁,1140324,,11403
樹林區,60024683,映算數位科技工作室,新北市樹林區中華路126號10樓,30000,06獨資,林尹緁,1140310,,11403
樹林區,60023713,古味便當店,新北市樹林區中華路74號(1樓),100000,06獨資,張煌輝,1140305,,11403
樹林區,60030236,橋宇工程行,新北市樹林區佳園路1段75巷14弄34號2樓,200000,06獨資,范宗宇,1140328,,11403
樹林區,60023501,元匠沙發企業社,新北市樹林區佳園路3段59號2樓,200000,06獨資,郭佳宜,1140304,,11403
樹林區,60024240,翼戰車業行,新北市樹林區俊英街234號,30000,06獨資,林耕詰,1140306,,11403
樹林區,60024488,開金運車業,新北市樹林區保安街1段237號,120000,06獨資,賴江益,1140307,,11403
樹林區,60023381,如意翡翠珠寶,新北市樹林區保安街1段345號(1樓),200000,06獨資,王鳳如,1140304,,11403
樹林區,60029337,宇琦創想行,新北市樹林區保安街2段337巷31號8樓,200000,06獨資,楊詩琦,1140325,1140328,11403
樹林區,60026818,茗蕎企業社,新北市樹林區八德街176號5樓,200000,06獨資,童紹豪,1140317,,11403
樹林區,60023729,蕭米奇美學工作室,新北市樹林區大成路13號(1樓),100000,06獨資,蕭妤甯,1140305,,11403
樹林區,60023621,新美園食堂,新北市樹林區大雅路304號(1樓),200000,06獨資,張紹辰,1140305,,11403
樹林區,60023185,小打小鬧商行,新北市樹林區太元街52號(1樓),200000,06獨資,郭義宏,1140304,,11403
樹林區,60028386,源葵工程行,新北市樹林區太平路150巷35號,240000,06獨資,潘鑫芳,1140321,,11403
樹林區,60030833,饗初二早午餐,新北市樹林區太平路150巷41號(1樓),50000,06獨資,周鑫呈,1140331,,11403
樹林區,60029131,寵愛有家寵物沙龍,新北市樹林區太平路63號(1樓),100000,06獨資,陳育嫺,1140325,,11403
樹林區,60026916,靈元油漆工程行,新北市樹林區太平路８６巷３號５樓,30000,06獨資,黃思翰,1140318,,11403
樹林區,60026438,洛斯特國際企業社,新北市樹林區太順街９６巷９號5樓,200000,06獨資,鄭智中,1140317,,11403
樹林區,60028225,揪排球工作室,新北市樹林區學勤路232號2樓,50000,06獨資,李依婕,1140321,,11403
樹林區,60027963,吉聲貿易實業,新北市樹林區學勤路241號3樓,5000000,06獨資,洪鈺伶,1140320,1140414,11403
樹林區,60025249,何依蓉企業社,新北市樹林區學成路528之2號(1樓),10000,06獨資,何依蓉,1140311,,11403
樹林區,60029456,加分百分百鍋物,新北市樹林區學成路536號2樓,3000000,05合夥,張家豪,1140326,,11403
樹林區,60029857,學勤快樂屋,新北市樹林區學林路89號(1樓),50000,06獨資,?童亮,1140327,,11403
樹林區,60028891,學林早餐店,新北市樹林區學林路９５號,50000,06獨資,趙志明,1140324,1140407,11403
樹林區,91621302,七號冰店,新北市樹林區復興路34號,200000,06獨資,戴子傑,1140325,,11403
樹林區,60027008,禾拾寵你企業社,新北市樹林區日新街101號(1樓),100000,06獨資,陳科翰,1140318,,11403
樹林區,60027730,伊藤計畫工作室,新北市樹林區東榮街116巷5號,200000,06獨資,黃品堯,1140320,,11403
樹林區,60030334,米蘭企業社,新北市樹林區東榮街88巷4號(1樓),200000,06獨資,林俐君,1140328,,11403
樹林區,60024092,達灃企業社,新北市樹林區東榮街91巷2弄10號2樓,200000,06獨資,陳青翔,1140306,,11403
樹林區,60024229,佑笙工程行,新北市樹林區東榮街９１巷１弄８號,200000,06獨資,陳妙惠,1140306,,11403
樹林區,60026795,仲富工程行,新北市樹林區樹新路17號3樓之3,200000,06獨資,黃泰富,1140317,,11403
樹林區,60027871,浪味仙貝工作室,新北市樹林區潭興街61號6樓,200000,06獨資,林珈卉,1140320,,11403
樹林區,60027990,札克企業社,新北市樹林區育英街142號(1樓),100000,06獨資,鄭億,1140320,,11403
永和區,87524362,揚珈檳榔,新北市永和區中和路315號(1樓),200000,06獨資,楊登安,1140303,,11403
永和區,60026388,環球玩具企業社,新北市永和區中和路345號12樓之3,100000,06獨資,吳思琪,1140317,,11403
永和區,60023404,靜萌美學企業社,新北市永和區中和路421巷3弄3號(1樓),80000,06獨資,謝靜宜,1140304,,11403
永和區,92542158,零壹貳參工作室,新北市永和區中山路1段106號12樓之1,20000,06獨資,李碧燕,1140321,,11403
永和區,60024403,很有李帽工作室,新北市永和區中正路248號(2樓),200000,06獨資,李秉恆,1140307,,11403
永和區,60025297,雞利源商行,新北市永和區中正路614號,200000,06獨資,陳鏡宇,1140312,,11403
永和區,60029364,喜洋洋娛樂工作室,新北市永和區中正路４１７號８樓,200000,06獨資,張洋,1140325,,11403
永和區,60025466,財富小吃店,新北市永和區中興街102號,100000,06獨資,徐富翔,1140312,,11403
永和區,60026676,融飽飲食坊,新北市永和區仁愛路205巷8號(1樓),100000,06獨資,陳彥融,1140317,,11403
永和區,60027154,暖暖泥屋,新北市永和區仁愛路306巷6號13樓之3,100000,06獨資,彭郁翎,1140318,,11403
永和區,60030616,牧禾光商行,新北市永和區仁愛路352巷112弄22號3樓,200000,06獨資,陳柔恩,1140328,,11403
永和區,60024298,單單剪剪個人工作室,新北市永和區仁愛路39號(1樓),100000,06獨資,翁榮傑,1140306,,11403
永和區,60025986,保安路素食水煎包店,新北市永和區保安路137號,100000,06獨資,張菀淳,1140313,,11403
永和區,60023761,發發寵物美容,新北市永和區保安路238號(1樓),200000,06獨資,徐千雅,1140305,,11403
永和區,60029821,順信車業,新北市永和區保安路250號,100000,06獨資,趙桓毅,1140327,,11403
永和區,60026401,葵莉餐飲商行,新北市永和區保平路19號,200000,06獨資,鄭智茂,1140317,,11403
永和區,60026768,優鑫食品商行,新北市永和區保平路262號,50000,06獨資,簡幼雯,1140317,,11403
永和區,60028029,奕元鑫企業社,新北市永和區保福路2段48號,200000,06獨資,趙冠婷,1140320,,11403
永和區,60025634,恆有錢商行,新北市永和區保福路2段64號(1樓),10000,06獨資,朱晨嘉,1140312,,11403
永和區,60024282,獨一無二個人工作室,新北市永和區信義路112號,100000,06獨資,翁榮傑,1140306,,11403
永和區,60030762,睿妍商號,新北市永和區信義路20之1號,10000,06獨資,李睿瑜,1140331,,11403
永和區,60029316,美心早餐,新北市永和區信義路38號,180000,06獨資,張淑敏,1140325,,11403
永和區,60024327,悠遊美甲工作室,新北市永和區四維街85號3樓,80000,06獨資,余培歆,1140306,,11403
永和區,60029499,天堂工作室,新北市永和區復興街106之1號(1樓),50000,06獨資,尤呈昊,1140326,,11403
永和區,60028920,津富家企業社,新北市永和區成功路1段73號2樓,200000,06獨資,賴育德,1140324,,11403
永和區,60024635,兜發寵物商行,新北市永和區成功路2段46號,200000,06獨資,高培善,1140310,,11403
永和區,60025487,喵桑貓舍,新北市永和區文化路113巷6號(1樓),50000,06獨資,郭澔,1140312,,11403
永和區,60029174,皇后小吃店,新北市永和區文化路153號(1樓),200000,06獨資,游雅鈞,1140325,,11403
永和區,60201646,?夢響手作烘焙,新北市永和區智光街１１５號,200000,06獨資,林政?,1140327,,11403
永和區,95091584,佳喜田商行,新北市永和區民光街１４號,10000,06獨資,蕭喻升,1140325,,11403
永和區,60026227,巧味小吃店,新北市永和區民族街4號,200000,06獨資,黎氏娜,1140314,,11403
永和區,60030622,施正偉寧波粽子店,新北市永和區民有街21巷5弄4號3樓,180000,06獨資,施雅若,1140328,,11403
永和區,60024712,琦品企業社,新北市永和區民生路6號(1樓),30000,06獨資,廖?成,1140310,,11403
永和區,60024620,我是造型工作室,新北市永和區永利路91之1號(1樓),150000,06獨資,余貞樺,1140310,,11403
永和區,60026351,愷妃商行,新北市永和區永和路1段125號(1樓),240000,06獨資,姚正義,1140314,,11403
永和區,60024662,承欣商行,新北市永和區永和路1段18巷2號10樓之6,200000,06獨資,呂承陽,1140310,,11403
永和區,60026367,永平伍十參商店,新北市永和區永平路53號(1樓),200000,06獨資,林倫旭,1140317,,11403
永和區,60030123,捷威車業,新北市永和區永貞路70巷2號(1樓),200000,06獨資,陳新然,1140327,,11403
永和區,60029408,真月巴企業社,新北市永和區福和路116號3樓,100000,06獨資,陳富月,1140325,,11403
永和區,60026113,詠聖美髮企業社,新北市永和區福和路310之1號,150000,06獨資,吳貴宗,1140314,,11403
永和區,60027252,幸福中卷麵線,新北市永和區秀朗路2段148巷2號,5000,06獨資,連健成,1140319,,11403
永和區,60027823,宮城車体美研坊,新北市永和區秀朗路2段299號(1樓),100000,06獨資,陳美姿,1140320,,11403
永和區,72877465,柏愛藥局,新北市永和區竹林路57號(1樓),200000,06獨資,鄭文柏,1140326,,11403
汐止區,60029977,岩辰企業社,新北市汐止區中興路236號4樓,200000,06獨資,潘宗諺,1140327,,11403
汐止區,60028463,恩晴小館,新北市汐止區中興路41巷1號,200000,06獨資,廖柏凱,1140325,,11403
汐止區,60030094,巨鑫工程行,新北市汐止區仁愛路113巷12號3樓,200000,06獨資,劉韋誠,1140327,,11403
汐止區,60028689,勝籽工作室,新北市汐止區南興路66號8樓之1,200000,06獨資,王薇,1140324,,11403
汐止區,60023214,沐苒工作室,新北市汐止區合順街39巷22號(1樓),50000,05合夥,李佳蓉,1140304,,11403
汐止區,60023299,宏耀科技工作室,新北市汐止區大同路1段124號3樓,200000,06獨資,高勝騰,1140304,,11403
汐止區,60026423,安達鐿企業社,新北市汐止區大同路2段312巷6號12樓,200000,06獨資,許文睿,1140317,,11403
汐止區,60024396,八地音樂工作室,新北市汐止區大同路2段458號(1樓),100000,06獨資,黃志暉,1140307,,11403
汐止區,60030720,茂元食品行,新北市汐止區大同路3段222號之5,50000,06獨資,陳承,1140331,,11403
汐止區,60028610,大同水電工程行,新北市汐止區大同路3段316號(2樓),200000,06獨資,余通要,1140324,,11403
汐止區,60027231,黑熊先生水管清洗工程行,新北市汐止區宜興街35巷8號3樓,100000,06獨資,曾輝文,1140319,,11403
汐止區,60029391,銓盈工程行,新北市汐止區工建路46號2樓,200000,06獨資,李奉庭,1140325,,11403
汐止區,60029603,碳吉食鍋燒店,新北市汐止區工建路48號(1樓),150000,06獨資,黃靖雯,1140326,,11403
汐止區,60029049,財弘金屬工程行,新北市汐止區康寧街349號5樓,200000,06獨資,劉氏協,1140325,,11403
汐止區,60026649,沐光服飾舖,新北市汐止區康寧街459巷17號(2樓),200000,06獨資,朱筱君,1140317,,11403
汐止區,60023312,艾夾選物販賣機,新北市汐止區康寧街465號(1樓),50000,06獨資,周碩?,1140305,,11403
汐止區,60025971,禾暮商行,新北市汐止區忠孝東路296號,100000,06獨資,黃照凱,1140313,,11403
汐止區,60024993,男孩男孩工作室,新北市汐止區忠孝東路426之1號18樓之2,20000,05合夥,劉冠亨,1140311,,11403
汐止區,60023050,宇蕎汽車材料行,新北市汐止區忠孝東路490之3號2樓,200000,06獨資,許晉偉,1140303,,11403
汐止區,60023489,史考特教育工作室,新北市汐止區新台五路1段106號18樓,100000,06獨資,金毓保,1140304,,11403
汐止區,60027984,有誠食堂,新北市汐止區新台五路1段75號地下一層,200000,06獨資,游米育,1140320,,11403
汐止區,60026084,辰陽企業社,新北市汐止區新台五路1段93號21樓之6,200000,06獨資,蘇義翔,1140314,,11403
汐止區,60029189,鋐沐商行,新北市汐止區新台五路1段93號21樓之6,200000,06獨資,李重助,1140325,,11403
汐止區,60027892,太上企業社,新北市汐止區新台五路1段93號21樓之6,200000,06獨資,杜盛祺,1140320,1140416,11403
汐止區,60024044,大洋國際物聯網企業社,新北市汐止區新台五路1段93號21樓之6,200000,06獨資,江家陞,1140305,,11403
汐止區,60025070,餅泥球工作室,新北市汐止區新台五路1段95號16樓之1,240000,06獨資,何昕庭,1140311,,11403
汐止區,60026129,好吃的麵店,新北市汐止區新台五路2段52號,150000,06獨資,廖紋杉,1140314,,11403
汐止區,60029569,喵皮運動行銷工作室,新北市汐止區新台五路2段7號,150000,06獨資,林芯梓,1140326,,11403
汐止區,60025281,銓鑫工程行,新北市汐止區明峰街157號(1樓),200000,05合夥,林峻民,1140312,,11403
汐止區,60023848,鳴鳳茶行,新北市汐止區明峰街160號(1樓),100000,05合夥,詹侃諾,1140305,,11403
汐止區,60029300,恆泰工作室,新北市汐止區東勢街201巷409號,100000,06獨資,洪浩銓,1140325,,11403
汐止區,60023798,捲萌貓窩工作室,新北市汐止區林森街73巷17號(1樓),200000,06獨資,施偉杰,1140305,,11403
汐止區,60025091,六六毛屋企業社,新北市汐止區樟樹一路137巷16號(1樓),100000,06獨資,施奐丞,1140311,,11403
汐止區,60026681,憶起拾光工作室,新北市汐止區樟樹一路145巷14號11樓之2,50000,05合夥,蘇偉傑,1140317,,11403
汐止區,60028457,好恩典企業,新北市汐止區樟樹一路24號,200000,06獨資,楊琇倖,1140321,,11403
汐止區,60030496,鋐諾工程行,新北市汐止區橫科路407巷25弄9號,200000,06獨資,陳菊蘭,1140328,,11403
汐止區,60027773,?沛企業社,新北市汐止區橫科路47號10樓,200000,06獨資,賴沛霈,1140320,,11403
汐止區,60025613,颱灣農民產行,新北市汐止區民權街2段109巷34號,150000,06獨資,陳仲群,1140312,,11403
汐止區,60023832,亞洲巴柔運動館,新北市汐止區水源路1段122號,200000,06獨資,陸智強,1140305,,11403
汐止區,60024001,和幸牛角撥經工作室,新北市汐止區水源路1段86號,100000,06獨資,劉洪,1140305,,11403
汐止區,60023615,敏雅寵物手作坊,新北市汐止區水源路2段82號4樓,10000,05合夥,鄭名雅,1140304,,11403
汐止區,60026824,衛斯李實業社,新北市汐止區汐萬路3段252巷21號3樓,200000,06獨資,洪敏齡,1140317,,11403
汐止區,60026182,宸富食坊,新北市汐止區湖前街48號6樓,200000,06獨資,楊俊,1140314,,11403
汐止區,60028978,安理萬企業社,新北市汐止區福德一路２０１巷３１號１２樓,230000,06獨資,吳建勳,1140324,,11403
汐止區,60028750,旺財運彩行,新北市汐止區福德二路１６５號,100000,06獨資,詹雅涵,1140324,,11403
汐止區,60027957,永達企業社,新北市汐止區茄苳路88巷22號4樓,200000,06獨資,賴賢仁,1140320,,11403
汐止區,60024332,興營工程行,新北市汐止區鄉長路１段５５巷１３號3樓,240000,06獨資,李東城,1140306,,11403
汐止區,60030279,遠翔企業社,新北市汐止區長興街2段56號9樓之2,200000,06獨資,蕭博瑞,1140328,,11403
泰山區,60028196,朝食商行,新北市泰山區仁德路55號,10000,06獨資,許智超,1140321,,11403
泰山區,60025698,富疆企業社,新北市泰山區仁義路187號10樓,200000,06獨資,陳怡蓁,1140313,,11403
泰山區,60028941,御閔二輪車業社,新北市泰山區公園路23號,200000,06獨資,徐浩閔,1140324,,11403
泰山區,60030931,香港豪奇燒臘快餐店,新北市泰山區明志路1段495之1號,60000,06獨資,丁?綺,1140331,,11403
泰山區,60029929,明志領先池上飯包店,新北市泰山區明志路1段85號(1樓),180000,06獨資,符博越,1140327,,11403
泰山區,60028604,因陀羅之始企業社,新北市泰山區明志路2段214巷7號3樓,200000,06獨資,林堉鋐,1140324,,11403
泰山區,60024305,宏升便當,新北市泰山區明志路３段８４號(1樓),200000,06獨資,鄭文昀,1140306,,11403
泰山區,60025711,皇鼎企業社,新北市泰山區民國街7號2樓,200000,06獨資,高嘉遠,1140313,,11403
泰山區,60026964,奧米琳商行,新北市泰山區泰林路2段164巷5號2樓,200000,06獨資,張豈閤,1140318,,11403
泰山區,60023777,港品小館,新北市泰山區泰林路2段228號(1樓),200000,06獨資,劉政翰,1140305,,11403
泰山區,60029385,泰好夾商行,新北市泰山區泰林路2段392號,50000,06獨資,游爵瑛,1140331,,11403
泰山區,60026177,億帆國際商行,新北市泰山區泰林路2段595號(1樓),100000,06獨資,林景羚,1140314,,11403
泰山區,60028040,明尚運通企業社,新北市泰山區泰林路２段５９３號５樓,200000,06獨資,徐志明,1140320,,11403
泰山區,60026063,玉鵬工程行,新北市泰山區福興三街183號5樓,200000,06獨資,林玉梅,1140314,,11403
淡水區,60024591,珍欣實業社,新北市淡水區中山北路1段212巷22號地下1層,200000,06獨資,黃結興,1140307,,11403
淡水區,60026985,祥郁工程行,新北市淡水區中山北路1段275巷20號,200000,06獨資,鄭凱鴻,1140318,,11403
淡水區,60028626,妮娜企業社,新北市淡水區中正路1段110號,200000,06獨資,高妮君,1140324,,11403
淡水區,60023880,唯謙理想顧問工作室,新北市淡水區中正路2段38之1號22樓,58888,06獨資,李靜唯,1140305,,11403
淡水區,60027078,小眼睛朋工作室,新北市淡水區中正路75號,50000,06獨資,邵于庭,1140318,,11403
淡水區,60027083,享受企業社,新北市淡水區八勢一街39巷18號8樓之1,200000,06獨資,殷彩娥,1140318,,11403
淡水區,60024868,嘉鈺工程行,新北市淡水區北新路117之3號,200000,06獨資,羅嘉裕,1140310,,11403
淡水區,60026417,陳胖子餐飲,新北市淡水區北新路182巷41弄14號,80000,06獨資,陳宗憑,1140317,,11403
淡水區,60023306,喝一杯企業社,新北市淡水區北新路182巷41弄2號,200000,06獨資,呂智瑋,1140304,,11403
淡水區,60027801,早早商行,新北市淡水區北新路90號,100000,06獨資,黃昱翔,1140320,,11403
淡水區,60027534,漢南洞韓式料理店,新北市淡水區北新路１８２巷５弄３４號,100000,06獨資,周群青,1140319,,11403
淡水區,60022926,鹿沐美學工作室,新北市淡水區原德路１號地下層,100000,06獨資,葉沁潔,1140303,,11403
淡水區,60025917,慶記商行,新北市淡水區大信街50號,100000,05合夥,林雨萱,1140313,,11403
淡水區,60026140,鑫森堯企業社,新北市淡水區大忠街137號(1樓),100000,06獨資,李冠緯,1140314,,11403
淡水區,60026161,全誼餐飲設備行,新北市淡水區學府路168號,100000,06獨資,吳珮誼,1140314,,11403
淡水區,60030469,希辰科技企業社,新北市淡水區新市一路1段220號16樓,200000,06獨資,林伯昌,1140328,,11403
淡水區,60024614,何藝裝潢工程行,新北市淡水區新市一路2段257號4樓,200000,06獨資,?育琪,1140310,,11403
淡水區,60027653,阿波波商行,新北市淡水區新春街39號,100000,06獨資,李佳螢,1140320,,11403
淡水區,60029630,巧嵐企業社,新北市淡水區新春街85巷19弄50號8樓,200000,06獨資,顏巧嵐,1140326,,11403
淡水區,60029890,泓銘企業社,新北市淡水區新春街85巷19弄50號8樓,200000,06獨資,陳泓銘,1140327,,11403
淡水區,60026893,甲組園娃娃機店,新北市淡水區新民街180巷8號(1樓),50000,06獨資,蔡銘峰,1140318,,11403
淡水區,60027817,善客企業社,新北市淡水區新民街222巷18號11樓,100000,06獨資,陳建原,1140320,,11403
淡水區,60030812,煮八界商行,新北市淡水區新民街92號,100000,06獨資,楊世銘,1140331,,11403
淡水區,50576351,愛牧商行,新北市淡水區新興街40號4樓,50000,06獨資,廖健男,1140318,,11403
淡水區,60023896,旺財娃娃選物販賣,新北市淡水區民族路31巷7、9號(1樓),50000,06獨資,楊璿,1140305,,11403
淡水區,60026042,東全螺絲五金行,新北市淡水區水源街1段47巷30號2樓,200000,06獨資,許胡秀鳳,1140314,,11403
淡水區,60026015,富久商行,新北市淡水區水源街2段177巷104號6樓,150000,06獨資,陳晏汝,1140314,,11403
淡水區,60026633,金嘎工作室,新北市淡水區水源街2段92巷7之3號,30000,06獨資,林家萍,1140317,,11403
淡水區,60028576,可崙商行,新北市淡水區沙崙路170號,150000,06獨資,林宗佑,1140324,,11403
淡水區,60024852,艾咪便當店,新北市淡水區沙崙路181巷6弄18號,30000,06獨資,黃泓學,1140310,,11403
淡水區,60023474,盒作社商行,新北市淡水區沙崙路30號12樓,200000,06獨資,闞遠,1140304,,11403
淡水區,60025310,聖胤商行,新北市淡水區淡金路38巷47號,100000,05合夥,郭昱均,1140312,,11403
淡水區,60022910,東愛莉香新台式西點工作室,新北市淡水區淡金路4段546之1號,200000,06獨資,盧文浩,1140303,,11403
淡水區,60028739,新悅商行,新北市淡水區淡金路4段560號(1樓),150000,06獨資,林宗佑,1140324,,11403
淡水區,60025199,蘿曼樂悅工作室,新北市淡水區英專路139號2樓,10000,06獨資,李悅,1140311,,11403
淡水區,60030284,夢飛行,新北市淡水區英專路141號(1樓),100000,06獨資,楊超培,1140328,,11403
淡水區,60025873,奧司英文劇團工作室,新北市淡水區鄧公路30巷45號(1樓),100000,06獨資,賴妘綺,1140313,,11403
深坑區,60026211,開飯小館,新北市深坑區北深路3段165之2號,200000,06獨資,黃靖凱,1140314,,11403
烏來區,60030799,光晉商行,新北市烏來區烏來街139號,50000,06獨資,吳信龍,1140331,,11403
瑞芳區,60023122,昶騰水電工程行,新北市瑞芳區三爪子坑路13巷3號3樓,200000,06獨資,翁聖智,1140303,,11403
瑞芳區,60023853,宸揚工程行,新北市瑞芳區三爪子坑路正貿新村3號(1樓),200000,06獨資,王浚庭,1140305,,11403
瑞芳區,60027393,全淨企業社,新北市瑞芳區三爪子坑路正貿新村8號(1樓),50000,06獨資,盧漢筌,1140319,,11403
瑞芳區,60028554,慧心農產蔬果行,新北市瑞芳區三爪子坑路２６５之８號,50000,06獨資,謝靜慧,1140321,,11403
瑞芳區,60023679,阿嬌越式百貨行,新北市瑞芳區民族街20號,100000,06獨資,武氏嬌,1140305,,11403
瑞芳區,60028251,嘉聿企業社,新北市瑞芳區瑞濱路30之1號,200000,06獨資,蘇嘉華,1140321,,11403
瑞芳區,60030518,橙玉企業社,新北市瑞芳區瑞濱路３０之１號,200000,06獨資,蘇仲愷,1140328,,11403
石門區,60029266,鹿野咖啡店,新北市石門區山溪里老崩山3號之5,150000,06獨資,張文馨,1140325,,11403
萬里區,60029195,昊昆工程行,新北市萬里區新墾丁路３０號10樓之３,200000,06獨資,連凱軒,1140325,,11403
蘆洲區,60030361,沛沛財舞雙全工作室,新北市蘆洲區三民路26巷31弄1號2樓,100000,06獨資,蔡沛儒,1140328,,11403
蘆洲區,82295143,享樂義廚,新北市蘆洲區中原路5巷6號,200000,06獨資,楊士緯,1140321,,11403
蘆洲區,60025233,溫稻小吃店,新北市蘆洲區中山一路108巷1號,100000,06獨資,楊佳瑜,1140311,,11403
蘆洲區,60026943,寶貴雜貨店舖,新北市蘆洲區中山一路130之2號10樓,50000,06獨資,羅慧,1140318,,11403
蘆洲區,60028371,遷禧企業社,新北市蘆洲區中山一路161號3樓,150000,06獨資,劉韋賢,1140321,,11403
蘆洲區,60023642,金悅立企業社,新北市蘆洲區中山一路１６１號３樓,200000,06獨資,洪怡慧,1140305,,11403
蘆洲區,60024425,長洲工程行,新北市蘆洲區中山一路１６１號３樓,200000,06獨資,鐘婉甄,1140307,,11403
蘆洲區,60024190,菜鳥娃娃屋,新北市蘆洲區中山二路259號,50000,06獨資,沈祺展,1140307,,11403
蘆洲區,60023191,幸福滴呷企業社,新北市蘆洲區中正路263巷2號,50000,06獨資,閻炳勳,1140304,,11403
蘆洲區,60027540,利昌拾元商店,新北市蘆洲區中華街29號(1樓),100000,05合夥,蔡承恩,1140319,,11403
蘆洲區,60027680,清玉資訊企業社,新北市蘆洲區九芎街92號、94號,100000,06獨資,林清玉,1140320,,11403
蘆洲區,60027703,環宇資訊企業社,新北市蘆洲區九芎街92號、94號,100000,06獨資,陳昱傑,1140320,,11403
蘆洲區,60023452,俋嘉環保企業社,新北市蘆洲區信義路188巷21號(1樓),200000,05合夥,邱政嘉,1140304,,11403
蘆洲區,60028392,艾熒商行,新北市蘆洲區信義路259巷13弄11號4樓,200000,06獨資,李彥琦,1140321,,11403
蘆洲區,60029717,碧峰商行,新北市蘆洲區光華路142號(1樓),200000,06獨資,陳奕志,1140326,,11403
蘆洲區,60026606,光華早餐店,新北市蘆洲區光華路22巷55號(1樓),30000,06獨資,劉昱辰,1140317,,11403
蘆洲區,60028822,締愛企業社,新北市蘆洲區光華路70巷9號,100000,06獨資,楊欣琳,1140324,,11403
蘆洲區,60028344,淡旺企業社,新北市蘆洲區光華路１８６巷２５號,100000,06獨資,林欣惠,1140321,,11403
蘆洲區,60023559,振宏冷凍空調企業社,新北市蘆洲區復興路128號3樓,240000,06獨資,蔣香蓮,1140304,,11403
蘆洲區,60025894,日日鮮農產品供應商行,新北市蘆洲區復興路410巷11號,200000,06獨資,陳雅玲,1140313,,11403
蘆洲區,60025563,癒顏美學館,新北市蘆洲區復興路２７１號,100000,06獨資,陳昱廷,1140312,,11403
蘆洲區,60025439,福來喜國際商行,新北市蘆洲區正和街39之7號10樓,200000,06獨資,林雋哲,1140312,,11403
蘆洲區,60028533,招財神彩券行,新北市蘆洲區民族路184號,100000,06獨資,張作銘,1140321,,11403
蘆洲區,60028267,國芯商行,新北市蘆洲區民族路281號(1樓),200000,06獨資,夏淑貞,1140321,,11403
蘆洲區,60027295,振益企業社,新北市蘆洲區民族路327巷11弄12號2樓,200000,06獨資,陳冠綸,1140319,,11403
蘆洲區,60024945,初光早餐店,新北市蘆洲區民族路327巷5號2樓,200000,06獨資,萬明達,1140310,,11403
蘆洲區,60027555,寅心大尺碼服飾,新北市蘆洲區民族路422巷39號3樓,80000,06獨資,曾璿心,1140319,,11403
蘆洲區,60025851,阿進西施商行,新北市蘆洲區民族路３４３號,100000,06獨資,徐子棋,1140313,,11403
蘆洲區,60024375,全亦車業保修廠,新北市蘆洲區民權路68巷9號5樓,50000,06獨資,黃全才,1140307,1140408,11403
蘆洲區,60029012,立馳企業社,新北市蘆洲區民權路82巷3號3樓,200000,06獨資,王琦芬,1140325,,11403
蘆洲區,60024023,亞森室內裝潢工程行,新北市蘆洲區水湳街64號11樓,200000,06獨資,程坤火,1140305,,11403
蘆洲區,60029809,立誠冷氣家電工程行,新北市蘆洲區永安南路2段356號2樓,200000,06獨資,張友誠,1140326,,11403
蘆洲區,60023137,三劦行商行,新北市蘆洲區永康街46號6樓,200000,06獨資,李東翰,1140303,,11403
蘆洲區,60025705,喬吉企業社,新北市蘆洲區環堤大道34號11樓,200000,06獨資,羅妍蓁,1140313,,11403
蘆洲區,60029738,杰可茶飲,新北市蘆洲區長安街102巷5弄12號,200000,06獨資,林宛縈,1140326,,11403
蘆洲區,60029884,自取奇滷加熱滷味,新北市蘆洲區長安街102巷5弄12號,10000,06獨資,蔡密加,1140327,,11403
蘆洲區,60025521,虎橙商行,新北市蘆洲區長安街79號2樓,240000,06獨資,李儼育,1140312,,11403
蘆洲區,60029580,昌理企業社,新北市蘆洲區長榮路87號7樓,200000,06獨資,楊欣益,1140326,,11403
蘆洲區,60029054,一十三甜品舖,新北市蘆洲區集賢路269巷5號,200000,06獨資,廖信智,1140325,,11403
貢寮區,60024348,佳誠企業社,新北市貢寮區新港街31巷5號(1樓),200000,06獨資,吳佳容,1140307,,11403
金山區,60027014,寶麗醫療器材行,新北市金山區中山路１９５號(1樓),200000,06獨資,蔡明宏,1140318,,11403
金山區,60030897,興杰瀧工程行,新北市金山區中正路69巷21號3樓,200000,06獨資,陳芯慧,1140331,,11403
金山區,60025901,峻有工程行,新北市金山區中華路164巷1號2樓,200000,06獨資,蔡葦諭,1140313,,11403
金山區,60028484,佑福工程行,新北市金山區?泉路11號2樓,240000,06獨資,蔡坤福,1140321,,11403
鶯歌區,60025212,勝薏工程行,新北市鶯歌區中山路166巷12號,200000,06獨資,王薏亭,1140311,,11403
鶯歌區,60028421,鄭記滷味行,新北市鶯歌區中正三路335巷13號,100000,06獨資,鄭聖譯,1140321,,11403
鶯歌區,60030377,連生水電工程行,新北市鶯歌區尖山埔路１６５巷３弄１０號4樓,200000,06獨資,林耿民,1140328,,11403
鶯歌區,60029842,盛果寶盒企業社,新北市鶯歌區尖山路140巷21號(1樓),200000,06獨資,楊喬羽,1140327,,11403
鶯歌區,60027443,程豐資訊工作室,新北市鶯歌區尖山路165號之2,50000,06獨資,張登棋,1140319,,11403
鶯歌區,60027247,品嘟嘟廚房,新北市鶯歌區尖山路282號,200000,06獨資,方孝銘,1140319,,11403
鶯歌區,60025959,冠竣商行,新北市鶯歌區建國路108號(2樓)(鶯歌公有零售市場),50000,05合夥,林冠煒,1140313,,11403
鶯歌區,60023468,揚昇木器行,新北市鶯歌區建國路126號3樓之1,200000,06獨資,李敬順,1140304,,11403
鶯歌區,60028581,阿凌便當店,新北市鶯歌區建國路278號(1樓),100000,06獨資,簡御凌,1140324,,11403
鶯歌區,60027598,亞運北大桌球館,新北市鶯歌區德昌街146號2樓,100000,06獨資,田宜鑫,1140319,,11403
鶯歌區,60024157,杰陞起重工程行,新北市鶯歌區文化路423之8號,200000,06獨資,官泓傑,1140306,,11403
鶯歌區,60024831,聖益商行,新北市鶯歌區永昌里建國路466號(1樓),200000,06獨資,謝東益,1140310,,11403
鶯歌區,60026465,宏鈺磁器商行,新北市鶯歌區重慶街80號(1樓),100000,06獨資,黃宏?,1140317,,11403
鶯歌區,60025655,曹記米粉湯,新北市鶯歌區鳳七路306號,100000,06獨資,曹婉玲,1140312,,11403
鶯歌區,60030658,丹楓萃商行,新北市鶯歌區鳳三路59號(1樓),200000,06獨資,黃妍心,1140328,,11403
鶯歌區,60026541,太欣小吃店,新北市鶯歌區鶯桃路2段40號(1樓),60000,06獨資,阮欣瑩,1140317,,11403
鶯歌區,60028668,光陽行企業社,新北市鶯歌區鶯桃路472巷11號(1樓),200000,06獨資,薛登穎,1140324,,11403
鶯歌區,60028409,俊越企業社,新北市鶯歌區鶯桃路２０６巷３３弄７號(2樓),200000,06獨資,陳玉生,1140321,,11403
