統一編號,商業名稱,商業地址,歇業日期,Longitude,Latitude
00544226,星大師商行,臺北市中正區館前路2號12樓,1140401,121.514883,25.046368
01658643,曾記曾添丁自營計程車行,臺北市內湖區民權東路1520巷25弄15號︹之2︺,1140401,121.546869,25.059691
11386902,金泰銀樓,臺北市中山區北安路552之1號1樓,1140401,121.548177,25.080331
11387509,金峰銀樓,臺北市中山區林森北路103號1樓,1140401,121.524981,25.050182
14328364,第一劇場魚丸店,臺北市松山區八德路4段96號1樓,1140401,121.56066,25.048359
15421401,新愛興理髮廳,臺北市萬華區萬大路71巷24號1樓,1140401,121.501375,25.030629
31844379,金苑服飾店,臺北市大安區敦化南路1段161巷26號1樓,1140401,121.550392,25.043423
76358909,樂春日式餐飲店,臺北市松山區長春路490號,1140401,121.547019,25.054383
88151066,道水順德餐飲商行,臺北市士林區至誠路2段129號1樓,1140401,121.526882,25.10093
88290378,富園食品行,臺北市信義區忠孝東路4段553巷6弄11號1樓,1140401,121.56334,25.042307
88306126,大本事商行,臺北市信義區忠孝東路4段553巷18號,1140401,121.562888,25.04294
93142659,睦月小吃部,臺北市大安區忠孝東路4段216巷33弄6號1樓,1140401,121.553325,25.039321
93145446,米藝企業社,臺北市中山區錦州街46號9樓之3,1140401,121.525783,25.060174
93196325,鼎騏商行,臺北市中正區南昌路1段31巷18號,1140401,121.517752,25.032292
00543423,好旺來美食館,臺北市大同區南京西路18巷6弄3之2號1樓,1140402,121.519797,25.05205
14719186,百年便利商店,臺北市萬華區環河南路2段250巷25弄2號1樓,1140402,121.489984,25.033842
18976018,義倉米行,臺北市萬華區萬大路187巷66號1樓,1140402,121.502005,25.028182
25554013,任意門養身飲品館,臺北市大安區和平東路3段70之2號1樓,1140402,121.550506,25.024324
25657881,春漾咖啡館,臺北市中山區中山北路2段50巷7號1樓,1140402,121.522104,25.056279
38459792,八八八彩券行,臺北市中山區民生東路1段25之10號,1140402,121.524731,25.058197
72915221,星辰商行,臺北市萬華區萬大路380號1樓,1140402,121.499035,25.022485
76485742,幸福熱氣球坊,臺北市大安區潮州街162號2樓,1140402,121.529352,25.028337
88278249,春滿早點豆漿店,臺北市中山區錦州街261號1樓,1140402,121.534715,25.060389
88368305,立健美中西藥局,臺北市松山區民權東路3段106巷1號1樓,1140402,121.544985,25.061767
93114366,怪獸工作室,臺北市中山區錦州街159號2樓之5,1140402,121.529867,25.06044
93196465,轉轉義大利麵,臺北市中正區汀州路3段140號1樓,1140402,121.533923,25.013798
94919708,庶磊汽車商行,臺北市信義區忠孝東路5段185號1樓,1140402,121.569219,25.04119
00542199,昶盈館,臺北市萬華區康定路142號1樓,1140407,121.50188,25.039944
10381561,于牟春香商行,臺北市萬華區內江街9號公有西門市場55號攤位,1140407,121.506684,25.041594
25521935,簡單生活單車坊,臺北市北投區懷德街75巷2號,1140407,121.51954,25.113662
26253444,天母清潔服務社,臺北市士林區中山北路6段405巷54號1樓,1140407,121.526925,25.115368
26375164,夢想藝術沙龍,臺北市中山區南京西路23巷5之1號,1140407,121.520668,25.053484
38462038,錢來來彩券投注站,臺北市萬華區廣州街171號,1140407,121.501168,25.036708
38571818,芙芙法式烘焙工作室,臺北市內湖區內湖路1段388號2樓之2,1140407,121.572451,25.080801
42345809,朵朵行,臺北市萬華區中華路1段114巷13號,1140407,121.507981,25.043924
76384049,俱樂咖啡商行,臺北市北投區中和街28號13樓之8,1140407,121.502985,25.137951
88159068,盛裕小吃店,臺北市中山區錦州街399號,1140407,121.54149,25.060289
88216650,景智茶莊,臺北市大安區和平東路2段311巷20號1樓,1140407,121.545051,25.025237
93143329,森品商行,臺北市中山區民權東路3段69號1樓,1140407,121.543454,25.062539
93180034,邱媽事業商行,臺北市萬華區昆明街184號,1140407,121.504493,25.041698
93188423,御工良履工作室,臺北市信義區忠孝東路5段1之5號1樓,1140407,121.564936,25.041533
94903023,寧波芋圓店,臺北市中正區寧波西街76號,1140407,121.516666,25.030118
99626738,金格企業社,臺北市松山區南京東路4段152號4樓,1140407,121.556067,25.051385
00538982,正宗雲泰料理餐廳,臺北市中山區四平街99號1樓,1140408,121.535452,25.053688
00548172,圓樂小吃店,臺北市士林區文昌路16號1樓,1140408,121.521804,25.094995
01636022,詹瑞東自營計程車,臺北市內湖區內湖路3段329巷4弄14號2樓,1140408,121.585725,25.088327
05703326,鍾儒智自營計程車行,臺北市中正區臨沂街3巷21號2樓,1140408,121.531831,25.043299
10340204,橙子設計工作室,臺北市松山區南京東路3段346之8號10樓1015室,1140408,121.548078,25.051561
10344692,超美髮型設計屋,臺北市信義區信義路5段150巷401弄21號,1140408,121.570545,25.024348
17286612,利高百貨行,臺北市萬華區廣州街223巷7號1樓,1140408,121.498966,25.037013
17619816,優點子資訊企業社,臺北市大同區延平北路4段179巷22號1樓,1140408,121.51215,25.073549
73163705,許順順企業號,臺北市文山區興隆路3段36巷17弄11號,1140408,121.555428,24.999473
76430661,好耶食品行,臺北市中正區汀州路2段331號,1140408,121.525167,25.021359
79815367,五餅二魚恩典實業社,臺北市信義區中坡南路144號右側,1140408,121.584576,25.040181
79854564,登來富商行,臺北市中山區四平街21號1樓,1140408,121.531138,25.053726
88146563,菲騰美食坊,臺北市北投區崇仁路1段54號1樓,1140408,121.50132,25.12694
88149597,御盛食品工作室,臺北市松山區南京東路5段250巷18弄8號1樓,1140408,121.566542,25.0501
88356096,旭吉商行,臺北市內湖區港墘路127巷7號,1140408,121.576423,25.07784
93128571,轉角餐飲企業社,臺北市南港區南港路1段216號3樓,1140408,121.610553,25.055132
93143469,眾樂商行,臺北市大安區延吉街131巷33號1樓,1140408,121.555509,25.042916
93143475,宙希工作坊,臺北市大同區民權西路104號4樓,1140408,121.51752,25.062705
01709306,世季機車行,臺北市文山區木柵路1段249號,1140409,121.55276,24.988007
25553730,千微餐飲店,臺北市南港區興中路58號,1140409,121.606937,25.056584
27161859,忠泰洗衣店,臺北市信義區忠孝東路4段553巷22弄55號1樓,1140409,121.56355,25.043322
31882252,蕓林工作室,臺北市內湖區金湖路352之1號,1140409,121.603827,25.073646
42293886,羽澤行,臺北市北投區裕民三路3號1樓,1140409,121.516216,25.116164
42430684,汎福盒子工作室,臺北市北投區尊賢街245巷35號4樓,1140409,121.505539,25.116783
73409709,精英企業社,臺北市中山區農安街271巷5號4樓,1140409,121.536016,25.064969
75105651,巧宴商行,臺北市萬華區東園街28巷40號,1140409,121.494969,25.026651
75918405,坤林商行,臺北市中正區汀州路三段185號,1140409,121.532856,25.014755
85434463,長季開發平台工作室,臺北市中山區中山北路2段59巷21號4樓之7,1140409,121.52394,25.055917
88282996,斯鉑思精品服飾,臺北市大安區敦化南路1段161巷22號,1140409,121.550229,25.043424
88356309,雙囍創意無限工作室,臺北市大安區忠孝東路4段162號12樓之2,1140409,121.550289,25.041284
88372906,小太陽童裝百貨店,臺北市士林區大北路39號1樓,1140409,121.525962,25.089846
93116786,梵赫美學館,臺北市中正區忠孝西路1段41號8樓之14,1140409,121.518384,25.046171
93122648,沐樂美學概念館,臺北市中山區松江路100巷1號2樓,1140409,121.532217,25.051096
00548102,禧年館,臺北市萬華區長沙街2段128號2樓,1140410,121.503541,25.040337
18102036,活力實業社,臺北市大安區和平東路2段96巷10弄4之1號,1140410,121.54071,25.023454
25576749,黑吧煎焙咖啡專賣店,臺北市信義區忠孝東路5段396號地下,1140410,121.57462,25.040731
30435158,上嘉水電建材行,臺北市大安區瑞安街208巷70弄1號,1140410,121.540342,25.030439
38564751,翌豪企業社,臺北市文山區辛亥路4段77巷92弄5號7樓之1,1140410,121.560663,25.008921
38580909,喜樂屋企業社,臺北市中山區吉林路433巷32號,1140410,121.532433,25.066867
42278610,陳晏汝行,臺北市中山區撫順街9號,1140410,121.521421,25.063787
72986013,小李豬血糕,臺北市中正區羅斯福路4段136巷1之3號,1140410,121.535644,25.012823
75936038,遠景資訊社,臺北市中山區松江路64巷9號1樓,1140410,121.532152,25.049056
81601448,龍城食品行,臺北市大安區永康街35號1樓,1140410,121.529573,25.030871
88387154,信義欣辰藥局,臺北市大安區敦煌里信義路4段265巷15號,1140410,121.554486,25.034082
93133336,睿智精品服飾店,臺北市中山區南京東路2段115巷26號1樓,1140410,121.533547,25.05347
93191124,和興桌遊社,臺北市中山區雙城街21之2號地下,1140410,121.524362,25.065701
93199316,恆毅商號,臺北市大安區師大路49巷6號,1140410,121.528938,25.02421
05199070,晶玉行,臺北市中正區南昌街1段31巷18號1樓,1140411,121.517752,25.032292
42419040,采金彩券行,臺北市士林區大北路79號,1140411,121.524857,25.090171
75941779,岳城企業社,臺北市中山區吉林路351號,1140411,121.530475,25.06471
88137403,永樂未央腳底按摩,臺北市中山區林森北路260號3之2樓,1140411,121.525328,25.054576
88164631,濛田號,臺北市大安區忠孝東路4段155號12樓之7,1140411,121.550038,25.041709
88229228,威士髮廊,臺北市士林區中山北路5段505巷24號,1140411,121.527052,25.093116
88278108,本田雞肉商行,臺北市大安區大安路1段42號,1140411,121.546128,25.043537
88295710,宮本雞肉商行,臺北市中山區雙城街12之3號,1140411,121.524216,25.064648
88305013,松田雞肉商行,臺北市中山區錦州街261號1樓,1140411,121.534715,25.060389
88369000,赤田雞肉商行,臺北市大安區安居街7號1樓,1140411,121.555244,25.021158
88369043,羽田雞肉商行,臺北市文山區興隆路3段57號,1140411,121.556076,25.000306
88378818,八田雞肉商行,臺北市中山區錦州街386號1樓,1140411,121.541078,25.060127
93193811,品悅表演企業社,臺北市大安區光復南路72巷73號2樓,1140411,121.555158,25.04437
01582047,李記李茂雄自營計程車行,臺北市松山區光復北路120巷6號,1140414,121.557381,25.050889
01596008,優品家具行,臺北市松山區八德路4段189號1樓,1140414,121.563489,25.048881
01647457,新彰企業行,臺北市內湖區環山路2段53巷6弄13號6樓之1,1140414,121.574001,25.084329
26215673,沙瑪髮藝造型店,臺北市中正區南昌路1段123號2樓,1140414,121.518324,25.029879
27160731,經理牛肉麵店,臺北市松山區延壽街80之1號1樓,1140414,121.564933,25.056895
31161634,欣裕商行,臺北市北投區裕民六路114巷36弄1號1樓,1140414,121.518764,25.114266
42489642,淯新企業社,臺北市大安區忠孝東路3段211號5樓,1140414,121.539486,25.041864
48790685,招財進寶投注站,臺北市萬華區東園街213號1樓,1140414,121.498422,25.021917
72989932,霍格華茲工作室,臺北市中山區松江路54號11樓,1140414,121.532752,25.04868
75211610,四麵八餃麵食館,臺北市文山區忠順街2段38號,1140414,121.563985,24.984794
76364043,潔西美妍館,臺北市士林區士東路13號1樓,1140414,121.526771,25.111913
76410237,吳陳小吃店,臺北市大安區和平東路2段118巷2之2號,1140414,121.542784,25.024256
79801737,陽光清潔行,臺北市文山區木柵路2段109巷25弄11號1樓,1140414,121.562646,24.990096
88294509,恩沐車體美容工坊,臺北市北投區中庸里中和街269號,1140414,121.500547,25.1401
88353387,拾元入魂娃娃屋,臺北市松山區八德路4段196號1樓,1140414,121.563866,25.048686
88363081,莎鯊雅拍貼相館,臺北市中正區汀州路3段207號,1140414,121.533497,25.014312
93144517,伊田雞肉商行,臺北市松山區新東街23號,1140414,121.56585,25.058762
93185538,有田雞肉商行,臺北市中正區博愛路134號1樓,1140414,121.511413,25.04294
93190899,豐田雞肉商行,臺北市松山區民生東路5段122號1樓,1140414,121.561111,25.058575
93195986,靜岡雞肉商行,臺北市士林區延平北路6段17號,1140414,121.509063,25.086974
93196161,珂萊兒藝術手作坊,臺北市中山區林森北路259巷9號5樓之12,1140414,121.526061,25.054383
93199879,小林雞肉商行,臺北市大安區信義路4段60之32號1樓,1140414,121.545852,25.03313
93199884,奈良雞肉商行,臺北市萬華區東園街198號1樓,1140414,121.498379,25.021636
93200616,三井商行,臺北市中正區漢口街1段64號,1140414,121.512711,25.045096
93202558,桑田商行,臺北市松山區南京東路4段133巷6弄1號1樓,1140414,121.555007,25.052596
93203347,藏田商行,臺北市信義區忠孝東路4段559巷14號,1140414,121.563705,25.042155
93203536,讚岐商行,臺北市士林區中正路312號1樓,1140414,121.522898,25.094797
17078142,新利行,臺北市萬華區西寧南路70號4樓之9,1140415,121.506047,25.043486
20761718,西村文具行,臺北市大安區忠孝東路4段97號地下之23,1140415,121.547955,25.041754
42337499,創新商行,臺北市大安區安和路2段52號,1140415,121.552207,25.031047
75587215,一日一商行,臺北市大同區迪化街1段14巷38號,1140415,121.509281,25.054099
75906800,恩寶商行,臺北市士林區中山北路7段36之1號1樓,1140415,121.531281,25.12009
75925428,鵲兒囍婚禮顧問工作室,臺北市中山區松江路65號6樓,1140415,121.533182,25.049084
76465247,調色盤晨食坊,臺北市松山區八德路2段366巷23號1樓,1140415,121.546041,25.046966
78065350,億泰車料行,臺北市信義區吳興街284巷7號1樓,1140415,121.56389,25.025233
79814304,綺薇髮藝,臺北市大安區敦化南路1段187巷75之1號,1140415,121.552615,25.042624
87486629,百為企業社,臺北市大同區西寧北路78之18號,1140415,121.508688,25.05443
88147182,巧之屋小吃店,臺北市松山區延壽街60號,1140415,121.565844,25.056943
88205675,陳皮記商行,臺北市士林區延平北路5段136巷27弄37號1樓,1140415,121.511107,25.082993
88212090,一品香蔥抓餅,臺北市大安區信義路4段60-62號1樓,1140415,121.545503,25.033062
88283783,享響超媒事業社,臺北市大安區信義路4段1號2樓,1140415,121.543915,25.033566
88299878,享喝飲料店,臺北市文山區木新路3段33號,1140415,121.564546,24.982475
93181414,勝鑫商行,臺北市北投區裕民六路120號4樓,1140415,121.517636,25.11456
00549475,夜太美餐酒館,臺北市大安區光復南路308巷49號1樓,1140416,121.555645,25.038851
00549524,磅茶商行,臺北市松山區民族東路634號1樓,1140416,121.545277,25.065622
04327871,伊寧理髮廳,臺北市大同區伊寧街77號1樓,1140416,121.510291,25.064679
25665714,彩椒廚房,臺北市大安區溫州街74巷5弄1號,1140416,121.531944,25.019587
38495729,亞宸足體養生館,臺北市中正區中華路2段313巷13號,1140416,121.506252,25.028385
75903769,昊記食堂,臺北市北投區振華街36號1樓,1140416,121.518501,25.11586
75928190,柏格歐克拉克早餐店,臺北市士林區中山北路7段36號1樓,1140416,121.531245,25.120103
79826929,三方整合行銷工作室,臺北市信義區基隆路2段23號7樓之6,1140416,121.559,25.031759
88149294,咪努美髮沙龍,臺北市北投區東華街1段420號,1140416,121.518212,25.11128
88310493,東之香商行,臺北市信義區松山路315之1號1樓,1140416,121.577985,25.04238
88368092,風藝術療癒工作室,臺北市萬華區中華路一段216號2樓之1,1140416,121.506299,25.037336
88377753,西施特胖子小吃店,臺北市松山區民權東路3段103巷5弄1號1樓,1140416,121.545103,25.062898
93143974,粥記廣東粥,臺北市中山區合江街142號1樓,1140416,121.539148,25.05979
93168117,哈諾商行,臺北市大同區承德路3段158之1號,1140416,121.518148,25.068287
93180668,嚮樂號,臺北市內湖區康寧路3段174號1樓,1140416,121.611898,25.069188
93199723,郁皇美髮沙龍,臺北市萬華區和平西路3段54之1號,1140416,121.503426,25.034817
21756397,郁婷越式小館,臺北市中正區中華路2段393號1樓,1140417,121.507921,25.026199
75902902,何佳興設計工作室,臺北市中山區南京東路2段20號9樓之1,1140417,121.528645,25.051887
79192474,馬克雲端工作室,臺北市內湖區舊宗路1段46號3樓之4,1140417,121.580357,25.058401
88161986,煜品牌公關事業社,臺北市大安區忠孝東路4段311號6樓之1,1140417,121.555802,25.041594
88228972,鑫易商行,臺北市大安區復興南路2段288號,1140417,121.543237,25.024049
88368993,翔駿企業社,臺北市中正區重慶南路1段43號11樓之8,1140417,121.513349,25.044958
93192382,宇宙光企業社,臺北市北投區溫泉路139號7樓之22,1140417,121.512418,25.140222
93193185,賜貝秀企業社,臺北市北投區溫泉路139號7樓之22,1140417,121.512418,25.140222
93204140,金力百元小吃店,臺北市大安區泰順街60巷29號1樓,1140417,121.529345,25.022573
98881387,晶彩洗衣店,臺北市內湖區東湖路119巷50弄1號1樓,1140417,121.61723,25.069676
00549828,滼潔生技企業社,臺北市信義區中坡北路15巷6號2樓,1140418,121.580584,25.044844
00549897,勝和百貨商行,臺北市信義區忠孝東路五段1之2號5樓,1140418,121.564964,25.041298
04642821,木棉花冰果室,臺北市中正區羅斯福路3段314號2樓,1140418,121.532679,25.016048
10304994,群生國際商行,臺北市文山區辛亥路4段101巷85之3號,1140418,121.559306,25.006592
26301712,善泉花坊,臺北市北投區西安街1段275號1樓,1140418,121.516921,25.111754
31889327,艾爾資訊社,臺北市大安區忠孝東路3段217巷5弄2號1樓,1140418,121.539592,25.043413
38459456,鑫大發彩券行,臺北市北投區中和街244號1樓,1140418,121.501333,25.139548
48695015,裴僑餐廳,臺北市信義區基隆路1段147巷19號1樓,1140418,121.56659,25.042449
73910907,長鑫水電行,臺北市信義區吳興街284巷17之6號1樓,1140418,121.563614,25.024028
88160712,粉美好國際實業商行,臺北市萬華區中華路2段504巷3號8樓,1140418,121.507773,25.025652
88221794,镹花園藝造景設計工作室,臺北市信義區富陽街7號1樓,1140418,121.556333,25.023481
93126692,艾可以工作室,臺北市大同區承德路3段165之1號8樓,1140418,121.518615,25.068266
93200094,不晚企業社,臺北市大安區忠孝東路4段169號12樓之1,1140418,121.550421,25.041705
00537793,光兆京商行,臺北市中山區遼寧街13號1樓,1140421,121.542214,25.047626
00540679,樂其中商行,臺北市萬華區西園路1段72巷24號1樓,1140421,121.498891,25.039452
14730274,棻蘭廚房,臺北市松山區八德路3段12巷70弄14號,1140421,121.550096,25.045385
27156574,躍昇眼鏡行,臺北市文山區景後街160號1樓,1140421,121.54228,24.990928
29241886,志和企業商行,臺北市中山區市民大道3段39號2樓,1140421,121.534589,25.045231
38564675,喵吧主題咖啡廳,臺北市松山區南京東路5段123巷1弄11號(1樓),1140421,121.559955,25.052184
42428929,薰香屋商行,臺北市大安區信義路4段43號1樓,1140421,121.544796,25.033546
73128237,乳果冷飲店,臺北市北投區裕民一路43號,1140421,121.517774,25.116599
75443800,吃好吃滿吃貨企業社,臺北市松山區南京東路3段275號6樓,1140421,121.545638,25.052012
76445904,梅代商行,臺北市大同區承德路3段334號1樓,1140421,121.519869,25.075099
79813902,浩翰茗品企業社,臺北市信義區松山路520號,1140421,121.578039,25.037984
88304210,好拾工作室,臺北市內湖區行善路385號11樓之7,1140421,121.585603,25.063912
88377584,阿里巴七工作室,臺北市文山區羅斯福路6段276巷8號2樓,1140421,121.538974,24.99171
93149055,卡度三館美髮沙龍店,臺北市中山區松江路297巷12號,1140421,121.534343,25.061029
93187959,合欣藥局,臺北市文山區辛亥路4段234號1樓,1140421,121.555077,25.001878
00543958,織郁之庭工作室,臺北市萬華區開封街2段66之2號2樓,1140422,121.506164,25.046619
04526029,興吉服裝社,臺北市萬華區雙園街122巷15號1樓,1140422,121.492205,25.030857
04728539,祥鈺商行,臺北市中山區一江街36號1樓,1140422,121.531428,25.053761
15666783,泰好汽車商行,臺北市士林區承德路4段338號338之1號、340號1樓,1140422,121.517529,25.089998
25578795,烘焙媽媽手工烘焙屋,臺北市北投區新興路8號,1140422,121.489405,25.141185
25638040,幼葒小吃店,臺北市萬華區武昌街2段85之1號,1140422,121.504827,25.045276
26259931,麥喬登企業社,臺北市士林區承德路4段2巷1號2樓,1140422,121.521047,25.078921
38496678,金婆雲泰小吃店,臺北市士林區福華路164巷3號1樓,1140422,121.522719,25.104358
72984583,山林皮業工作室,臺北市士林區重慶北路4段274號3樓,1140422,121.511677,25.087354
75492674,泰德莉娜商行,臺北市中山區雙城街43巷33號1樓,1140422,121.525422,25.067554
76423958,建佳企業社,臺北市大同區西寧北路78之18號9樓,1140422,121.508688,25.05443
88208928,名都生活會館,臺北市中山區林森北路85巷56號1樓,1140422,121.526895,25.049233
88283572,浪尖鮨味水產商行,臺北市中山區新生北路2段58巷3號1樓,1140422,121.527143,25.055394
25540757,悅文出版社,臺北市內湖區內湖路1段91巷35弄46號4樓,1140423,121.561215,25.087102
38579895,野原葵小吃店,臺北市北投區天母西路130巷5號,1140423,121.522262,25.118611
42502173,采唐造型企業社,臺北市大同區天水路46號2樓,1140423,121.512546,25.05241
72657589,劉孟籬工作室,臺北市大安區忠孝東路3段136號11樓,1140423,121.537792,25.041502
75761109,難找私宅手作甜點,臺北市大安區和平東路3段308巷54號4樓,1140423,121.554984,25.019282
79877721,福伈企業社,臺北市中正區羅斯福路3段238號2樓,1140423,121.529846,25.019424
93184427,立丞裝潢工程行,臺北市大安區忠孝東路4段2號5樓之1,1140423,121.543981,25.041307
93197416,樸蔬願餐館,臺北市大同區民樂街101號1樓,1140423,121.51069,25.057147
93198479,微醺楓味食堂,臺北市文山區木柵路1段200號1樓,1140423,121.552954,24.987812
93204057,豐昇傳統整復推拿,臺北市中山區中山北路2段59巷9號2樓,1140423,121.523621,25.055907
00541277,澧喬羽商行,臺北市北投區新興路158巷6號1樓,1140424,121.486712,25.139123
01428729,聯昌服裝行,臺北市萬華區大理街60號1樓,1140424,121.500198,25.034609
25543781,黑貓小吃店,臺北市南港區忠孝東路6段323號,1140424,121.592208,25.05047
38508597,泰綻健康生活館,臺北市士林區士東路260號1樓,1140424,121.536283,25.11306
42362692,瑩瑩洗衣店,臺北市中正區汀州路1段94號1樓,1140424,121.507422,25.030259
42387602,港元燒臘店,臺北市大安區延吉街70巷2弄1號,1140424,121.55376,25.042615
42556487,崧皓食品商行,臺北市松山區饒河街222號,1140424,121.577454,25.050808
72920097,佰盈汽車商行,臺北市松山區撫遠街255巷26號,1140424,121.568245,25.061401
80995330,愛海心靈書房,臺北市大安區復興南路2段78巷30弄5號地下樓,1140424,121.542475,25.030515
88224595,多泉餐飲店,臺北市信義區莊敬路405號1樓,1140424,121.56607,25.027463
88226398,立成美容企業社,臺北市中山區四平街56號3樓,1140424,121.53345,25.05357
88236918,晴美術手作空間工作室,臺北市中正區詔安街220巷4號3樓,1140424,121.509146,25.026274
88304719,宜豔商行,臺北市大同區延平北路1段22號11樓之5,1140424,121.511888,25.050533
93135593,野田雞肉商行,臺北市內湖區東湖路24號1樓,1140424,121.612836,25.068704
00508360,逸明企業社,臺北市中山區民生東路2段41號2樓,1140425,121.529149,25.05814
14347067,帝寶禮儀社,臺北市中山區民權東路2段135巷30弄5號1樓,1140425,121.534771,25.064306
26234284,賴氏水車工程行,臺北市北投區石牌路1段17號,1140425,121.50978,25.112879
36549191,三榮電機行,臺北市中正區環河南路1段98號1樓,1140425,121.504673,25.047547
42285909,進成水車行,臺北市北投區清江路25巷5號2樓之1,1140425,121.502189,25.131577
42487861,德布德芃髮型工作室,臺北市大安區忠孝東路4段49巷4弄4號,1140425,121.545389,25.042245
48784213,老麥麵店,臺北市北投區中央北路3段40巷4號,1140425,121.485589,25.138484
72928350,群毅企業社,臺北市信義區永吉路191號2樓,1140425,121.573179,25.045746
76428638,焢閣食堂,臺北市內湖區內湖路1段285巷65弄9號1樓,1140425,121.567431,25.084441
88230463,敬悅商行,臺北市大安區忠孝東路4段311號6樓之1,1140425,121.555802,25.041594
93132625,昕元企業社,臺北市信義區基隆路1段159號17樓,1140425,121.565183,25.04196
93179156,鳥居町小吃店,臺北市中山區北安路621巷12號1樓,1140425,121.548193,25.082894
93185880,幻質感髮型沙龍,臺北市大同區赤峯街44巷15號1樓,1140425,121.519367,25.057089
93187331,英旻服飾店,臺北市大安區信義路4段65號,1140425,121.545483,25.033534
93187923,御嘉興業商行,臺北市中山區民生東路1段29號6樓之4,1140425,121.525124,25.058197
93190151,禎華商行,臺北市中山區民生東路1段29號6樓之4,1140425,121.525124,25.058197
93197577,無與倫比企業社,臺北市大同區重慶北路2段197號11樓之1,1140425,121.513709,25.060452
99358424,平山家日本料理店,臺北市大安區新生南路3段106號3樓之1,1140425,121.532833,25.016786
01714770,金文利銀樓,臺北市文山區景美街9號之1、1樓,1140428,121.541781,24.99249
04317873,建成五金行,臺北市大同區承德路2段136號1樓,1140428,121.517999,25.059346
21755670,八斗子小吃店,臺北市內湖區環山路1段96號,1140428,121.567809,25.086514
25547597,協瑩企業行,臺北市萬華區和平西路3段320號,1140428,121.492645,25.035302
42342541,萬國食品行,臺北市萬華區環河南路3段101號11樓之1,1140428,121.490714,25.025027
42421572,一加一五金行,臺北市北投區中央南路1段154號1樓,1140428,121.500924,25.129605
72992036,三合商行,臺北市松山區南京東路5段163之8號,1140428,121.562757,25.051651
88202810,山索羅顧問企業社,臺北市中山區南京西路1之1號10樓,1140428,121.521814,25.052534
88356645,申旺商行,臺北市內湖區安泰街114巷21號7樓,1140428,121.616558,25.077587
88382279,中研食品企業社,臺北市信義區基隆路1段186號11樓之8,1140428,121.564787,25.042092
93191573,均鮮餐飲,臺北市內湖區康寧路3段189巷21弄11號1樓,1140428,121.612561,25.070851
93195212,慕牧工作室,臺北市大安區敦化南路1段161巷45之1號,1140428,121.551349,25.043604
94919778,凡雄眼鏡行,臺北市大安區復興南路2段401號,1140428,121.54357,25.021647
99985776,印象十九小吃店,臺北市信義區崇德街28號,1140428,121.553636,25.024256
00546287,雷醺諾商行,臺北市松山區南京東路四段52巷8之1號,1140429,121.553492,25.050747
26340721,良金企業社,臺北市中正區汀州路1段100號,1140429,121.507521,25.030145
42521782,劉進財店,臺北市信義區福德街232巷3號1樓,1140429,121.584605,25.038665
72977823,億禾商行,臺北市中山區南京東路2段163號,1140429,121.535878,25.05223
72991732,文華四品工作室,臺北市中山區錦州街159號3樓之2,1140429,121.529867,25.06044
75085310,關於咖啡,臺北市松山區民生東路4段97巷1弄21號,1140429,121.551474,25.058315
75904789,德旺商行,臺北市內湖區文德路22巷61號2樓,1140429,121.580573,25.075247
75934593,伊鍋一精緻小火鍋,臺北市北投區中央南路1段147號1樓,1140429,121.501152,25.129726
76378320,簡碳工作室,臺北市士林區承德路4段179巷7號地下樓,1140429,121.523315,25.087895
77406730,雅琦行,臺北市士林區大東路16之13號1樓,1140429,121.525257,25.087858
79816470,鹹酥杰食堂,臺北市士林區克強路10巷19弄3號4樓,1140429,121.523695,25.109691
83906375,三川夾子園,臺北市萬華區西寧南路70號2樓之10,1140429,121.506047,25.043486
88294331,極惡移動洗車行,臺北市中山區林森北路399巷15號1樓,1140429,121.526026,25.059474
88367848,口可商行,臺北市萬華區環河南路1段181號11樓之2,1140429,121.498811,25.040669
93128299,盈順早午餐,臺北市信義區莊敬路325巷44號,1140429,121.564459,25.028634
12371168,長通工商企業社,臺北市中山區南京東路3段219號9樓,1140430,121.543104,25.052067
17772276,佑祥服裝行,臺北市萬華區艋舺大道86巷16號,1140430,121.503071,25.032935
25562082,昂姿髮藝名店,臺北市大安區師大路60號2樓,1140430,121.52822,25.024546
38461713,杰樺企業社,臺北市北投區中央南路2段63號,1140430,121.500224,25.123006
38462972,東峯商行,臺北市萬華區中華路2段336號3樓之6,1140430,121.504363,25.029508
42293112,秀玲時尚花坊,臺北市大同區酒泉街176號1樓,1140430,121.511435,25.07202
42297692,彼微髮藝坊,臺北市南港區中坡南路19號,1140430,121.583033,25.0434
42517149,安立早餐店,臺北市大安區瑞安街286號,1140430,121.538974,25.025912
72674052,台成工程行,臺北市大安區忠孝東路4段162號9樓之1,1140430,121.550289,25.041284
72911490,嬉花工作室,臺北市內湖區瑞光路235巷21號7樓,1140430,121.578742,25.074977
72921286,鼎裕餐飲,臺北市大同區錦西街89號,1140430,121.515068,25.059692
72922519,胡饕米粉湯,臺北市信義區永吉路30巷158弄3號1樓,1140430,121.568563,25.042424
72932143,美樂餐廳,臺北市中山區林森北路133巷35號1樓,1140430,121.526476,25.050854
75930175,旺饕餐飲商行,臺北市中正區羅斯福路3段284巷8號1樓,1140430,121.531837,25.016038
88087092,秀皇音樂餐廳,臺北市中山區南京東路1段132巷28之3號地下二層,1140430,121.526712,25.050198
88203389,千捷娛樂企業社,臺北市文山區興隆路4段163之2號,1140430,121.561964,24.984152
88358165,興饕餐飲商行,臺北市中山區興安街78之12號1樓,1140430,121.541315,25.056
88362421,鑫盈商行,臺北市萬華區武昌街2段50巷17號,1140430,121.506953,25.04426
88371667,六味津商行,臺北市士林區德行東路109巷111號1樓,1140430,121.528692,25.111378
88377141,捷適能運動工作室,臺北市內湖區康樂街136巷3弄18號地下1層之1,1140430,121.618927,25.072489
88394182,喜品企業社,臺北市大安區大安路1段65號4樓之3,1140430,121.546277,25.042535
91698603,德沐整合行銷,臺北市大安區大安路2段17號,1140430,121.546097,25.032302
93142356,荃熊食品社,臺北市內湖區康寧路3段12之2號1樓,1140430,121.606596,25.072557
93204036,時刻地窟企業社,臺北市北投區溫泉路68之3號1樓,1140430,121.504748,25.135034
